"","occurrenceID","basisOfRecord","typeStatus","associatedReferences","institutionCode","taxonRank","collectionCode","recordedBy","recordNumber","identifiedBy","lifeForm","datasetID","matchCodeEpig","matchedNameEpig","decimalLatitude","decimalLongitude","eventDate","changes","discardReason","verbatimtypeStatus","verbatimidentifiedBy","verbatimrecordedBy"
"1","gallegos_s_2025_00001","PreservedSpecimen","Coleccion",NA,"LPB","SPECIES",NA,"Lopez, C.","SG2025_CLA748","Jimenez, I.","E","gallegos_s_2025",1,"Anthurium scandens",-16.4098888888889,-67.5660833333333,"2021-09-22","change1: Filled coordinateUncertaintyInMeters from decimal-place precision (conservative). | EpIG backbone match, accepted name update, and taxonomy fill [2026-03-28] | Filled missing scientificNameAuthorship from EpIG backbone [2026-04-14] | CoordinateCleaner QA applied without sea test (validity, equal, zeros, capitals, centroids, gbif, institutions) [2026-04-14]","removed accents in typeStatus / removed accents in recordedBy","Colección","Jimenez, I.","López, C."
"2","gallegos_s_2025_00002","PreservedSpecimen","Coleccion",NA,"LPB","SPECIES",NA,"Mayta, C.","SG2025_CMR162","Jimenez, I.","E","gallegos_s_2025",1,"Pleurothallis vorator",-16.3913833333333,-67.5634,"2021-05-14","change1: Filled coordinateUncertaintyInMeters from decimal-place precision (conservative). | EpIG backbone match, accepted name update, and taxonomy fill [2026-03-28] | Filled missing scientificNameAuthorship from EpIG backbone [2026-04-14] | CoordinateCleaner QA applied without sea test (validity, equal, zeros, capitals, centroids, gbif, institutions) [2026-04-14]","removed accents in typeStatus","Colección","Jimenez, I.","Mayta, C."
"3","gallegos_s_2025_00003","PreservedSpecimen","Coleccion",NA,"LPB","SPECIES",NA,"Mayta, C.","SG2025_CMR1151","Jimenez, I.","E","gallegos_s_2025",1,"Maxillaria aurea",-16.4115833333333,-67.5696833333333,"2021-08-14","change1: Hybrid detected: removed ×/x and reduced to binomial when possible | change2: Filled coordinateUncertaintyInMeters from decimal-place precision (conservative). | EpIG backbone match, accepted name update, and taxonomy fill [2026-03-28] | Filled missing scientificNameAuthorship from EpIG backbone [2026-04-14] | CoordinateCleaner QA applied without sea test (validity, equal, zeros, capitals, centroids, gbif, institutions) [2026-04-14]","removed accents in typeStatus","Colección","Jimenez, I.","Mayta, C."
"4","gallegos_s_2025_00004","PreservedSpecimen","Coleccion",NA,"LPB","SPECIES",NA,"Mayta, C.","SG2025_CMR1321","Jimenez, I.","E","gallegos_s_2025",1,"Pleopeltis fraseri",-16.35375,-67.51875,"2021-08-14","change1: Filled coordinateUncertaintyInMeters from decimal-place precision (conservative). | EpIG backbone match, accepted name update, and taxonomy fill [2026-03-28] | Filled missing scientificNameAuthorship from EpIG backbone [2026-04-14] | CoordinateCleaner QA applied without sea test (validity, equal, zeros, capitals, centroids, gbif, institutions) [2026-04-14]","removed accents in typeStatus","Colección","Jimenez, I.","Mayta, C."
"5","gallegos_s_2025_00005","PreservedSpecimen","Coleccion",NA,"LPB","SPECIES",NA,"Mayta, C.","SG2025_CMR1394","Jimenez, I.","E","gallegos_s_2025",1,"Maxillaria graminifolia",-16.35375,-67.51875,"2021-08-14","change1: Hybrid detected: removed ×/x and reduced to binomial when possible | change2: Filled coordinateUncertaintyInMeters from decimal-place precision (conservative). | EpIG backbone match, accepted name update, and taxonomy fill [2026-03-28] | Filled missing scientificNameAuthorship from EpIG backbone [2026-04-14] | CoordinateCleaner QA applied without sea test (validity, equal, zeros, capitals, centroids, gbif, institutions) [2026-04-14]","removed accents in typeStatus","Colección","Jimenez, I.","Mayta, C."
"6","gallegos_s_2025_00006","PreservedSpecimen","Coleccion",NA,"LPB","SPECIES",NA,"Mayta, C.","SG2025_CMR1491","Jimenez, I.","E","gallegos_s_2025",1,"Elaphoglossum bellermannianum",-16.35375,-67.51875,"2021-08-14","change1: Filled coordinateUncertaintyInMeters from decimal-place precision (conservative). | EpIG backbone match, accepted name update, and taxonomy fill [2026-03-28] | Filled missing scientificNameAuthorship from EpIG backbone [2026-04-14] | CoordinateCleaner QA applied without sea test (validity, equal, zeros, capitals, centroids, gbif, institutions) [2026-04-14]","removed accents in typeStatus","Colección","Jimenez, I.","Mayta, C."
"7","gallegos_s_2025_00007","PreservedSpecimen","Coleccion",NA,"LPB","FAMILY",NA,"Mayta, C.","SG2025_CMR2055","","E","gallegos_s_2025",NA,"",-16.4108,-67.5601333333333,"2022-02-16","change1: Cleared scientificName (not strict binomial) | change2: Normalized/filled taxonRank without overwriting existing non-empty values | change3: Filled coordinateUncertaintyInMeters from decimal-place precision (conservative). | EpIG backbone match, accepted name update, and taxonomy fill [2026-03-28] | Filled missing scientificNameAuthorship from EpIG backbone [2026-04-14] | CoordinateCleaner QA applied without sea test (validity, equal, zeros, capitals, centroids, gbif, institutions) [2026-04-14]","removed accents in typeStatus","Colección","","Mayta, C."
"8","gallegos_s_2025_00008","PreservedSpecimen","Coleccion",NA,"LPB","SPECIES",NA,"Gallegos, S.","SG2025_SGA5231","Jimenez, I.","E","gallegos_s_2025",1,"Serpocaulon levigatum",-16.3324444444444,-67.4919722222222,"2021-03-23","change1: Filled coordinateUncertaintyInMeters from decimal-place precision (conservative). | EpIG backbone match, accepted name update, and taxonomy fill [2026-03-28] | Filled missing scientificNameAuthorship from EpIG backbone [2026-04-14] | CoordinateCleaner QA applied without sea test (validity, equal, zeros, capitals, centroids, gbif, institutions) [2026-04-14]","removed accents in typeStatus","Colección","Jimenez, I.","Gallegos, S."
"9","gallegos_s_2025_00009","PreservedSpecimen","Coleccion",NA,"LPB","SPECIES",NA,"Gallegos, S.","SG2025_SGA5242","Hurtado, R.","E","gallegos_s_2025",1,"Peperomia brevispica",-16.3336722222222,-67.4965055555556,"2021-03-23","change1: Filled coordinateUncertaintyInMeters from decimal-place precision (conservative). | EpIG backbone match, accepted name update, and taxonomy fill [2026-03-28] | Filled missing scientificNameAuthorship from EpIG backbone [2026-04-14] | CoordinateCleaner QA applied without sea test (validity, equal, zeros, capitals, centroids, gbif, institutions) [2026-04-14]","removed accents in typeStatus","Colección","Hurtado, R.","Gallegos, S."
"10","gallegos_s_2025_00010","PreservedSpecimen","Coleccion",NA,"LPB","SPECIES",NA,"Gallegos, S.","SG2025_SGA5266","Jimenez, I.","E","gallegos_s_2025",NA,"",-16.3417027777778,-67.4957388888889,"2021-03-27","change1: Cleared scientificName (not strict binomial) | change2: Filled coordinateUncertaintyInMeters from decimal-place precision (conservative). | EpIG backbone match, accepted name update, and taxonomy fill [2026-03-28] | Filled missing scientificNameAuthorship from EpIG backbone [2026-04-14] | CoordinateCleaner QA applied without sea test (validity, equal, zeros, capitals, centroids, gbif, institutions) [2026-04-14]","removed accents in typeStatus","Colección","Jimenez, I.","Gallegos, S."
"11","gallegos_s_2025_00011","PreservedSpecimen","Coleccion",NA,"LPB","SPECIES",NA,"Gallegos, S.","SG2025_SGA5268","Hurtado, R.","E","gallegos_s_2025",1,"Peperomia divaricata",-16.3417027777778,-67.4957388888889,"2021-03-27","change1: Filled coordinateUncertaintyInMeters from decimal-place precision (conservative). | EpIG backbone match, accepted name update, and taxonomy fill [2026-03-28] | Filled missing scientificNameAuthorship from EpIG backbone [2026-04-14] | CoordinateCleaner QA applied without sea test (validity, equal, zeros, capitals, centroids, gbif, institutions) [2026-04-14]","removed accents in typeStatus","Colección","Hurtado, R.","Gallegos, S."
"12","gallegos_s_2025_00012","PreservedSpecimen","Coleccion",NA,"LPB","SPECIES",NA,"Gallegos, S.","SG2025_SGA5282","Jimenez, I.","E","gallegos_s_2025",1,"Pleopeltis fraseri",-16.3490222222222,-67.502825,"2021-03-27","change1: Filled coordinateUncertaintyInMeters from decimal-place precision (conservative). | EpIG backbone match, accepted name update, and taxonomy fill [2026-03-28] | Filled missing scientificNameAuthorship from EpIG backbone [2026-04-14] | CoordinateCleaner QA applied without sea test (validity, equal, zeros, capitals, centroids, gbif, institutions) [2026-04-14]","removed accents in typeStatus","Colección","Jimenez, I.","Gallegos, S."
"13","gallegos_s_2025_00013","PreservedSpecimen","Coleccion",NA,"LPB","SPECIES",NA,"Gallegos, S.","SG2025_SGA5288","Jimenez, I.","E","gallegos_s_2025",1,"Pleurothallis xanthochlora",-16.3268333333333,-67.4899166666667,"2021-04-26","change1: Hybrid detected: removed ×/x and reduced to binomial when possible | change2: Filled coordinateUncertaintyInMeters from decimal-place precision (conservative). | EpIG backbone match, accepted name update, and taxonomy fill [2026-03-28] | Filled missing scientificNameAuthorship from EpIG backbone [2026-04-14] | CoordinateCleaner QA applied without sea test (validity, equal, zeros, capitals, centroids, gbif, institutions) [2026-04-14]","removed accents in typeStatus","Colección","Jimenez, I.","Gallegos, S."
"14","gallegos_s_2025_00014","PreservedSpecimen","Coleccion",NA,"LPB","SPECIES",NA,"Gallegos, S.","SG2025_SGA5289","Jimenez, I.","E","gallegos_s_2025",1,"Pleurothallis divaricans",-16.3268333333333,-67.4899166666667,"2021-04-26","change1: Filled coordinateUncertaintyInMeters from decimal-place precision (conservative). | EpIG backbone match, accepted name update, and taxonomy fill [2026-03-28] | Filled missing scientificNameAuthorship from EpIG backbone [2026-04-14] | CoordinateCleaner QA applied without sea test (validity, equal, zeros, capitals, centroids, gbif, institutions) [2026-04-14]","removed accents in typeStatus","Colección","Jimenez, I.","Gallegos, S."
"15","gallegos_s_2025_00015","PreservedSpecimen","Coleccion",NA,"LPB","SPECIES",NA,"Gallegos, S.","SG2025_SGA5290","Lopez, C.","E","gallegos_s_2025",3,"Peperomia dubia",-16.3268333333333,-67.4899166666667,"2021-04-26","change1: Filled coordinateUncertaintyInMeters from decimal-place precision (conservative). | EpIG backbone match, accepted name update, and taxonomy fill [2026-03-28] | Filled missing scientificNameAuthorship from EpIG backbone [2026-04-14] | CoordinateCleaner QA applied without sea test (validity, equal, zeros, capitals, centroids, gbif, institutions) [2026-04-14]","removed accents in typeStatus","Colección","Lopez, C.","Gallegos, S."
"16","gallegos_s_2025_00016","PreservedSpecimen","Coleccion",NA,"LPB","SPECIES",NA,"Gallegos, S.","SG2025_SGA5291","Hurtado, R.","E","gallegos_s_2025",1,"Peperomia quaesita",-16.3268333333333,-67.4899166666667,"2021-04-26","change1: Filled coordinateUncertaintyInMeters from decimal-place precision (conservative). | EpIG backbone match, accepted name update, and taxonomy fill [2026-03-28] | Filled missing scientificNameAuthorship from EpIG backbone [2026-04-14] | CoordinateCleaner QA applied without sea test (validity, equal, zeros, capitals, centroids, gbif, institutions) [2026-04-14]","removed accents in typeStatus","Colección","Hurtado, R.","Gallegos, S."
"17","gallegos_s_2025_00017","PreservedSpecimen","Coleccion",NA,"LPB","SPECIES",NA,"Gallegos, S.","SG2025_SGA5292","Jimenez, I.","E","gallegos_s_2025",1,"Hymenophyllum axillare",-16.3268333333333,-67.4899166666667,"2021-04-26","change1: Filled coordinateUncertaintyInMeters from decimal-place precision (conservative). | EpIG backbone match, accepted name update, and taxonomy fill [2026-03-28] | Filled missing scientificNameAuthorship from EpIG backbone [2026-04-14] | CoordinateCleaner QA applied without sea test (validity, equal, zeros, capitals, centroids, gbif, institutions) [2026-04-14]","removed accents in typeStatus","Colección","Jimenez, I.","Gallegos, S."
"18","gallegos_s_2025_00018","PreservedSpecimen","Coleccion",NA,"LPB","SPECIES",NA,"Gallegos, S.","SG2025_SGA5294","Jimenez, I.","E","gallegos_s_2025",1,"Maxillaria huancabambae",-16.3268333333333,-67.4899166666667,"2021-04-26","change1: Hybrid detected: removed ×/x and reduced to binomial when possible | change2: Filled coordinateUncertaintyInMeters from decimal-place precision (conservative). | EpIG backbone match, accepted name update, and taxonomy fill [2026-03-28] | Filled missing scientificNameAuthorship from EpIG backbone [2026-04-14] | CoordinateCleaner QA applied without sea test (validity, equal, zeros, capitals, centroids, gbif, institutions) [2026-04-14]","removed accents in typeStatus","Colección","Jimenez, I.","Gallegos, S."
"19","gallegos_s_2025_00019","PreservedSpecimen","Coleccion",NA,"LPB","SPECIES",NA,"Gallegos, S.","SG2025_SGA5295","Beck, S.","E","gallegos_s_2025",1,"Racinaea parviflora",-16.3268333333333,-67.4899166666667,"2021-04-26","change1: Filled coordinateUncertaintyInMeters from decimal-place precision (conservative). | EpIG backbone match, accepted name update, and taxonomy fill [2026-03-28] | Filled missing scientificNameAuthorship from EpIG backbone [2026-04-14] | CoordinateCleaner QA applied without sea test (validity, equal, zeros, capitals, centroids, gbif, institutions) [2026-04-14]","removed accents in typeStatus","Colección","Beck, S.","Gallegos, S."
"20","gallegos_s_2025_00020","PreservedSpecimen","Coleccion",NA,"LPB","SPECIES",NA,"Gallegos, S.","SG2025_SGA5296","Jimenez, I.","E","gallegos_s_2025",1,"Stelis vasquezii",-16.3268333333333,-67.4899166666667,"2021-04-26","change1: Filled coordinateUncertaintyInMeters from decimal-place precision (conservative). | EpIG backbone match, accepted name update, and taxonomy fill [2026-03-28] | Filled missing scientificNameAuthorship from EpIG backbone [2026-04-14] | CoordinateCleaner QA applied without sea test (validity, equal, zeros, capitals, centroids, gbif, institutions) [2026-04-14]","removed accents in typeStatus","Colección","Jimenez, I.","Gallegos, S."
"21","gallegos_s_2025_00021","PreservedSpecimen","Coleccion",NA,"LPB","FAMILY",NA,"Gallegos, S.","SG2025_SGA5297","","E","gallegos_s_2025",NA,"",-16.3268333333333,-67.4899166666667,"2021-04-26","change1: Cleared scientificName (not strict binomial) | change2: Normalized/filled taxonRank without overwriting existing non-empty values | change3: Filled coordinateUncertaintyInMeters from decimal-place precision (conservative). | EpIG backbone match, accepted name update, and taxonomy fill [2026-03-28] | Filled missing scientificNameAuthorship from EpIG backbone [2026-04-14] | CoordinateCleaner QA applied without sea test (validity, equal, zeros, capitals, centroids, gbif, institutions) [2026-04-14]","removed accents in typeStatus","Colección","","Gallegos, S."
"22","gallegos_s_2025_00022","PreservedSpecimen","Coleccion",NA,"LPB","SPECIES",NA,"Gallegos, S.","SG2025_SGA5298","Hurtado, R.","E","gallegos_s_2025",1,"Peperomia divaricata",-16.3268333333333,-67.4899166666667,"2021-04-26","change1: Filled coordinateUncertaintyInMeters from decimal-place precision (conservative). | EpIG backbone match, accepted name update, and taxonomy fill [2026-03-28] | Filled missing scientificNameAuthorship from EpIG backbone [2026-04-14] | CoordinateCleaner QA applied without sea test (validity, equal, zeros, capitals, centroids, gbif, institutions) [2026-04-14]","removed accents in typeStatus","Colección","Hurtado, R.","Gallegos, S."
"23","gallegos_s_2025_00023","PreservedSpecimen","Coleccion",NA,"LPB","FAMILY",NA,"Gallegos, S.","SG2025_SGA5299","","E","gallegos_s_2025",NA,"",-16.3268333333333,-67.4899166666667,"2021-04-26","change1: Cleared scientificName (not strict binomial) | change2: Normalized/filled taxonRank without overwriting existing non-empty values | change3: Filled coordinateUncertaintyInMeters from decimal-place precision (conservative). | EpIG backbone match, accepted name update, and taxonomy fill [2026-03-28] | Filled missing scientificNameAuthorship from EpIG backbone [2026-04-14] | CoordinateCleaner QA applied without sea test (validity, equal, zeros, capitals, centroids, gbif, institutions) [2026-04-14]","removed accents in typeStatus","Colección","","Gallegos, S."
"24","gallegos_s_2025_00024","PreservedSpecimen","Coleccion",NA,"LPB","SPECIES",NA,"Gallegos, S.","SG2025_SGA5300","Jimenez, I.","E","gallegos_s_2025",1,"Anathallis obovata",-16.3268333333333,-67.4899166666667,"2021-04-26","change1: Filled coordinateUncertaintyInMeters from decimal-place precision (conservative). | EpIG backbone match, accepted name update, and taxonomy fill [2026-03-28] | Filled missing scientificNameAuthorship from EpIG backbone [2026-04-14] | CoordinateCleaner QA applied without sea test (validity, equal, zeros, capitals, centroids, gbif, institutions) [2026-04-14]","removed accents in typeStatus","Colección","Jimenez, I.","Gallegos, S."
"25","gallegos_s_2025_00025","PreservedSpecimen","Coleccion",NA,"LPB","SPECIES",NA,"Gallegos, S.","SG2025_SGA5317","Jimenez, I.","E","gallegos_s_2025",1,"Pleurothallis vorator",-16.3976694444444,-67.573675,"2021-04-29","change1: Filled coordinateUncertaintyInMeters from decimal-place precision (conservative). | EpIG backbone match, accepted name update, and taxonomy fill [2026-03-28] | Filled missing scientificNameAuthorship from EpIG backbone [2026-04-14] | CoordinateCleaner QA applied without sea test (validity, equal, zeros, capitals, centroids, gbif, institutions) [2026-04-14]","removed accents in typeStatus","Colección","Jimenez, I.","Gallegos, S."
"26","gallegos_s_2025_00026","PreservedSpecimen","Coleccion",NA,"LPB","SPECIES",NA,"Gallegos, S.","SG2025_SGA5318","Jimenez, I.","E","gallegos_s_2025",1,"Pleurothallis divaricans",-16.3976694444444,-67.573675,"2021-04-29","change1: Filled coordinateUncertaintyInMeters from decimal-place precision (conservative). | EpIG backbone match, accepted name update, and taxonomy fill [2026-03-28] | Filled missing scientificNameAuthorship from EpIG backbone [2026-04-14] | CoordinateCleaner QA applied without sea test (validity, equal, zeros, capitals, centroids, gbif, institutions) [2026-04-14]","removed accents in typeStatus","Colección","Jimenez, I.","Gallegos, S."
"27","gallegos_s_2025_00027","PreservedSpecimen","Coleccion",NA,"LPB","SPECIES",NA,"Gallegos, S.","SG2025_SGA5319","Hurtado, R.","E","gallegos_s_2025",1,"Peperomia psilostachya",-16.3976694444444,-67.573675,"2021-04-29","change1: Filled coordinateUncertaintyInMeters from decimal-place precision (conservative). | EpIG backbone match, accepted name update, and taxonomy fill [2026-03-28] | Filled missing scientificNameAuthorship from EpIG backbone [2026-04-14] | CoordinateCleaner QA applied without sea test (validity, equal, zeros, capitals, centroids, gbif, institutions) [2026-04-14]","removed accents in typeStatus","Colección","Hurtado, R.","Gallegos, S."
"28","gallegos_s_2025_00028","PreservedSpecimen","Coleccion",NA,"LPB","SPECIES",NA,"Gallegos, S.","SG2025_SGA5320","Hurtado, R.","E","gallegos_s_2025",1,"Peperomia delicatula",-16.3976694444444,-67.573675,"2021-04-29","change1: Filled coordinateUncertaintyInMeters from decimal-place precision (conservative). | EpIG backbone match, accepted name update, and taxonomy fill [2026-03-28] | Filled missing scientificNameAuthorship from EpIG backbone [2026-04-14] | CoordinateCleaner QA applied without sea test (validity, equal, zeros, capitals, centroids, gbif, institutions) [2026-04-14]","removed accents in typeStatus","Colección","Hurtado, R.","Gallegos, S."
"29","gallegos_s_2025_00029","PreservedSpecimen","Coleccion",NA,"LPB","SPECIES",NA,"Gallegos, S.","SG2025_SGA5330","Jimenez, I.","E","gallegos_s_2025",1,"Sphyrospermum cordifolium",-16.3428972222222,-67.5007777777778,"2021-05-08","change1: Filled coordinateUncertaintyInMeters from decimal-place precision (conservative). | EpIG backbone match, accepted name update, and taxonomy fill [2026-03-28] | Filled missing scientificNameAuthorship from EpIG backbone [2026-04-14] | CoordinateCleaner QA applied without sea test (validity, equal, zeros, capitals, centroids, gbif, institutions) [2026-04-14]","removed accents in typeStatus","Colección","Jimenez, I.","Gallegos, S."
"30","gallegos_s_2025_00030","PreservedSpecimen","Coleccion",NA,"LPB","FAMILY",NA,"Gallegos, S.","SG2025_SGA5331","","E","gallegos_s_2025",NA,"",-16.3428972222222,-67.5007777777778,"2021-05-08","change1: Cleared scientificName (not strict binomial) | change2: Normalized/filled taxonRank without overwriting existing non-empty values | change3: Filled coordinateUncertaintyInMeters from decimal-place precision (conservative). | EpIG backbone match, accepted name update, and taxonomy fill [2026-03-28] | Filled missing scientificNameAuthorship from EpIG backbone [2026-04-14] | CoordinateCleaner QA applied without sea test (validity, equal, zeros, capitals, centroids, gbif, institutions) [2026-04-14]","removed accents in typeStatus","Colección","","Gallegos, S."
"31","gallegos_s_2025_00031","PreservedSpecimen","Coleccion",NA,"LPB","SPECIES",NA,"Gallegos, S.","SG2025_SGA5333","Jimenez, I.","E","gallegos_s_2025",1,"Brachionidium tuberculatum",-16.3428972222222,-67.5007777777778,"2021-05-08","change1: Filled coordinateUncertaintyInMeters from decimal-place precision (conservative). | EpIG backbone match, accepted name update, and taxonomy fill [2026-03-28] | Filled missing scientificNameAuthorship from EpIG backbone [2026-04-14] | CoordinateCleaner QA applied without sea test (validity, equal, zeros, capitals, centroids, gbif, institutions) [2026-04-14]","removed accents in typeStatus","Colección","Jimenez, I.","Gallegos, S."
"32","gallegos_s_2025_00032","PreservedSpecimen","Coleccion",NA,"LPB","SPECIES",NA,"Gallegos, S.","SG2025_SGA5334","Jimenez, I.","E","gallegos_s_2025",1,"Trichosalpinx barbelifera",-16.3428972222222,-67.5007777777778,"2021-05-08","change1: Hybrid detected: removed ×/x and reduced to binomial when possible | change2: Filled coordinateUncertaintyInMeters from decimal-place precision (conservative). | EpIG backbone match, accepted name update, and taxonomy fill [2026-03-28] | Filled missing scientificNameAuthorship from EpIG backbone [2026-04-14] | CoordinateCleaner QA applied without sea test (validity, equal, zeros, capitals, centroids, gbif, institutions) [2026-04-14]","removed accents in typeStatus","Colección","Jimenez, I.","Gallegos, S."
"33","gallegos_s_2025_00033","PreservedSpecimen","Coleccion",NA,"LPB","FAMILY",NA,"Gallegos, S.","SG2025_SGA5335","","E","gallegos_s_2025",NA,"",-16.3428972222222,-67.5007777777778,"2021-05-08","change1: Cleared scientificName (not strict binomial) | change2: Normalized/filled taxonRank without overwriting existing non-empty values | change3: Filled coordinateUncertaintyInMeters from decimal-place precision (conservative). | EpIG backbone match, accepted name update, and taxonomy fill [2026-03-28] | Filled missing scientificNameAuthorship from EpIG backbone [2026-04-14] | CoordinateCleaner QA applied without sea test (validity, equal, zeros, capitals, centroids, gbif, institutions) [2026-04-14]","removed accents in typeStatus","Colección","","Gallegos, S."
"34","gallegos_s_2025_00034","PreservedSpecimen","Coleccion",NA,"LPB","SPECIES",NA,"Gallegos, S.","SG2025_SGA5336","Jimenez, I.","E","gallegos_s_2025",1,"Anthurium scandens",-16.3428972222222,-67.5007777777778,"2021-05-08","change1: Filled coordinateUncertaintyInMeters from decimal-place precision (conservative). | EpIG backbone match, accepted name update, and taxonomy fill [2026-03-28] | Filled missing scientificNameAuthorship from EpIG backbone [2026-04-14] | CoordinateCleaner QA applied without sea test (validity, equal, zeros, capitals, centroids, gbif, institutions) [2026-04-14]","removed accents in typeStatus","Colección","Jimenez, I.","Gallegos, S."
"35","gallegos_s_2025_00035","PreservedSpecimen","Coleccion",NA,"LPB","SPECIES",NA,"Gallegos, S.","SG2025_SGA5337","Jimenez, I.","E","gallegos_s_2025",1,"Anthurium scandens",-16.3428972222222,-67.5007777777778,"2021-05-08","change1: Filled coordinateUncertaintyInMeters from decimal-place precision (conservative). | EpIG backbone match, accepted name update, and taxonomy fill [2026-03-28] | Filled missing scientificNameAuthorship from EpIG backbone [2026-04-14] | CoordinateCleaner QA applied without sea test (validity, equal, zeros, capitals, centroids, gbif, institutions) [2026-04-14]","removed accents in typeStatus","Colección","Jimenez, I.","Gallegos, S."
"36","gallegos_s_2025_00036","PreservedSpecimen","Coleccion",NA,"LPB","FAMILY",NA,"Gallegos, S.","SG2025_SGA5338","","E","gallegos_s_2025",NA,"",-16.3428972222222,-67.5007777777778,"2021-05-08","change1: Cleared scientificName (not strict binomial) | change2: Normalized/filled taxonRank without overwriting existing non-empty values | change3: Filled coordinateUncertaintyInMeters from decimal-place precision (conservative). | EpIG backbone match, accepted name update, and taxonomy fill [2026-03-28] | Filled missing scientificNameAuthorship from EpIG backbone [2026-04-14] | CoordinateCleaner QA applied without sea test (validity, equal, zeros, capitals, centroids, gbif, institutions) [2026-04-14]","removed accents in typeStatus","Colección","","Gallegos, S."
"37","gallegos_s_2025_00037","PreservedSpecimen","Coleccion",NA,"LPB","SPECIES",NA,"Gallegos, S.","SG2025_SGA5340","Jimenez, I.","E","gallegos_s_2025",1,"Pleurothallis xanthochlora",-16.3996666666667,-67.5739722222222,"2021-05-08","change1: Hybrid detected: removed ×/x and reduced to binomial when possible | change2: Filled coordinateUncertaintyInMeters from decimal-place precision (conservative). | EpIG backbone match, accepted name update, and taxonomy fill [2026-03-28] | Filled missing scientificNameAuthorship from EpIG backbone [2026-04-14] | CoordinateCleaner QA applied without sea test (validity, equal, zeros, capitals, centroids, gbif, institutions) [2026-04-14]","removed accents in typeStatus","Colección","Jimenez, I.","Gallegos, S."
"38","gallegos_s_2025_00038","PreservedSpecimen","Coleccion",NA,"LPB","SPECIES",NA,"Gallegos, S.","SG2025_SGA5353","Jimenez, I.","E","gallegos_s_2025",1,"Myoxanthus chloe",-16.3458333333333,-67.4980555555556,"2021-06-05","change1: Hybrid detected: removed ×/x and reduced to binomial when possible | change2: Filled coordinateUncertaintyInMeters from decimal-place precision (conservative). | EpIG backbone match, accepted name update, and taxonomy fill [2026-03-28] | Filled missing scientificNameAuthorship from EpIG backbone [2026-04-14] | CoordinateCleaner QA applied without sea test (validity, equal, zeros, capitals, centroids, gbif, institutions) [2026-04-14]","removed accents in typeStatus","Colección","Jimenez, I.","Gallegos, S."
"39","gallegos_s_2025_00039","PreservedSpecimen","Coleccion",NA,"LPB","SPECIES",NA,"Gallegos, S.","SG2025_SGA5379","Jimenez, I.","E","gallegos_s_2025",1,"Epidendrum secundum",-16.3631138888889,-67.7867277777778,"2021-07-24","change1: Filled coordinateUncertaintyInMeters from decimal-place precision (conservative). | EpIG backbone match, accepted name update, and taxonomy fill [2026-03-28] | Filled missing scientificNameAuthorship from EpIG backbone [2026-04-14] | CoordinateCleaner QA applied without sea test (validity, equal, zeros, capitals, centroids, gbif, institutions) [2026-04-14]","removed accents in typeStatus","Colección","Jimenez, I.","Gallegos, S."
"40","gallegos_s_2025_00040","PreservedSpecimen","Coleccion",NA,"LPB","SPECIES",NA,"Gallegos, S.","SG2025_SGA5532","Jimenez, I.","E","gallegos_s_2025",1,"Pleurothallis vorator",-16.4120527777778,-67.5695916666667,"2021-08-10","change1: Filled coordinateUncertaintyInMeters from decimal-place precision (conservative). | EpIG backbone match, accepted name update, and taxonomy fill [2026-03-28] | Filled missing scientificNameAuthorship from EpIG backbone [2026-04-14] | CoordinateCleaner QA applied without sea test (validity, equal, zeros, capitals, centroids, gbif, institutions) [2026-04-14]","removed accents in typeStatus","Colección","Jimenez, I.","Gallegos, S."
"41","gallegos_s_2025_00041","PreservedSpecimen","Coleccion",NA,"LPB","FAMILY",NA,"Gallegos, S.","SG2025_SGA5661","","E","gallegos_s_2025",NA,"",-16.3428972222222,-67.5007777777778,"2021-12-11","change1: Cleared scientificName (not strict binomial) | change2: Normalized/filled taxonRank without overwriting existing non-empty values | change3: Filled coordinateUncertaintyInMeters from decimal-place precision (conservative). | EpIG backbone match, accepted name update, and taxonomy fill [2026-03-28] | Filled missing scientificNameAuthorship from EpIG backbone [2026-04-14] | CoordinateCleaner QA applied without sea test (validity, equal, zeros, capitals, centroids, gbif, institutions) [2026-04-14]","removed accents in typeStatus","Colección","","Gallegos, S."
"42","gallegos_s_2025_00042","PreservedSpecimen","Coleccion",NA,"LPB","FAMILY",NA,"Gallegos, S.","SG2025_SGA5768","","E","gallegos_s_2025",NA,"",-16.3428972222222,-67.5007777777778,"2022-02-05","change1: Cleared scientificName (not strict binomial) | change2: Normalized/filled taxonRank without overwriting existing non-empty values | change3: Filled coordinateUncertaintyInMeters from decimal-place precision (conservative). | EpIG backbone match, accepted name update, and taxonomy fill [2026-03-28] | Filled missing scientificNameAuthorship from EpIG backbone [2026-04-14] | CoordinateCleaner QA applied without sea test (validity, equal, zeros, capitals, centroids, gbif, institutions) [2026-04-14]","removed accents in typeStatus","Colección","","Gallegos, S."
"43","gallegos_s_2025_00043","PreservedSpecimen","Coleccion",NA,"LPB","SPECIES",NA,"Gallegos, S.","SG2025_SGA1110","Plata, O.","E","gallegos_s_2025",1,"Guzmania squarrosa",-16.35,-67.51514,"2010-08-21","change1: Filled coordinateUncertaintyInMeters from decimal-place precision (conservative). | EpIG backbone match, accepted name update, and taxonomy fill [2026-03-28] | Filled missing scientificNameAuthorship from EpIG backbone [2026-04-14] | CoordinateCleaner QA applied without sea test (validity, equal, zeros, capitals, centroids, gbif, institutions) [2026-04-14]","removed accents in typeStatus","Colección","Plata, O.","Gallegos, S."
"44","gallegos_s_2025_00044","PreservedSpecimen","Coleccion",NA,"LPB","FAMILY",NA,"Gallegos, S.","SG2025_SGA2712","Plata, O.","E","gallegos_s_2025",NA,"",-16.391203,-67.564806,"2010-11-12","change1: Cleared scientificName (not strict binomial) | change2: Normalized/filled taxonRank without overwriting existing non-empty values | change3: Filled coordinateUncertaintyInMeters from decimal-place precision (conservative). | EpIG backbone match, accepted name update, and taxonomy fill [2026-03-28] | Filled missing scientificNameAuthorship from EpIG backbone [2026-04-14] | CoordinateCleaner QA applied without sea test (validity, equal, zeros, capitals, centroids, gbif, institutions) [2026-04-14]","removed accents in typeStatus","Colección","Plata, O.","Gallegos, S."
"45","gallegos_s_2025_00045","PreservedSpecimen","Coleccion",NA,"LPB","SPECIES",NA,"Gallegos, S.","SG2025_SGA1235","Hurtado, R.","E","gallegos_s_2025",1,"Peperomia buchtienii",-16.35,-67.51514,"2010-10-30","change1: Filled coordinateUncertaintyInMeters from decimal-place precision (conservative). | EpIG backbone match, accepted name update, and taxonomy fill [2026-03-28] | Filled missing scientificNameAuthorship from EpIG backbone [2026-04-14] | CoordinateCleaner QA applied without sea test (validity, equal, zeros, capitals, centroids, gbif, institutions) [2026-04-14]","removed accents in typeStatus","Colección","Hurtado, R.","Gallegos, S."
"46","gallegos_s_2025_00046","PreservedSpecimen","Coleccion",NA,"LPB","SPECIES",NA,"Gallegos, S.","SG2025_SGA2155","Hurtado, R.","E","gallegos_s_2025",1,"Peperomia quaesita",-16.30856,-67.55147,"2010-09-08","change1: Filled coordinateUncertaintyInMeters from decimal-place precision (conservative). | EpIG backbone match, accepted name update, and taxonomy fill [2026-03-28] | Filled missing scientificNameAuthorship from EpIG backbone [2026-04-14] | CoordinateCleaner QA applied without sea test (validity, equal, zeros, capitals, centroids, gbif, institutions) [2026-04-14]","removed accents in typeStatus","Colección","Hurtado, R.","Gallegos, S."
"47","gallegos_s_2025_00047","PreservedSpecimen","Coleccion",NA,"LPB","SPECIES",NA,"Gallegos, S.","SG2025_SGA2728","Hurtado, R.","E","gallegos_s_2025",1,"Peperomia quaesita",-16.30856,-67.55147,"2010-11-13","change1: Filled coordinateUncertaintyInMeters from decimal-place precision (conservative). | EpIG backbone match, accepted name update, and taxonomy fill [2026-03-28] | Filled missing scientificNameAuthorship from EpIG backbone [2026-04-14] | CoordinateCleaner QA applied without sea test (validity, equal, zeros, capitals, centroids, gbif, institutions) [2026-04-14]","removed accents in typeStatus","Colección","Hurtado, R.","Gallegos, S."
"48","gallegos_s_2025_00048","PreservedSpecimen","Coleccion",NA,"LPB","SPECIES",NA,"Gallegos, S.","SG2025_SGA4068","Hurtado, R.","E","gallegos_s_2025",1,"Peperomia quaesita",-16.30856,-67.55147,"2012-04-15","change1: Filled coordinateUncertaintyInMeters from decimal-place precision (conservative). | EpIG backbone match, accepted name update, and taxonomy fill [2026-03-28] | Filled missing scientificNameAuthorship from EpIG backbone [2026-04-14] | CoordinateCleaner QA applied without sea test (validity, equal, zeros, capitals, centroids, gbif, institutions) [2026-04-14]","removed accents in typeStatus","Colección","Hurtado, R.","Gallegos, S."
"49","gallegos_s_2025_00049","PreservedSpecimen","Coleccion",NA,"LPB","FAMILY",NA,"Beck, S.G.","SG2025_SB24709","Jimenez, I","E","gallegos_s_2025",NA,"",-16.35,-67.5,"1999-10-31","change1: Cleared scientificName (not strict binomial) | change2: Normalized/filled taxonRank without overwriting existing non-empty values | change3: Filled coordinateUncertaintyInMeters from decimal-place precision (conservative). | EpIG backbone match, accepted name update, and taxonomy fill [2026-03-28] | Filled missing scientificNameAuthorship from EpIG backbone [2026-04-14] | CoordinateCleaner QA applied without sea test (validity, equal, zeros, capitals, centroids, gbif, institutions) [2026-04-14]","removed accents in typeStatus / removed accents in identifiedBy","Colección","Jiménez, I","Beck, S.G."
"50","gallegos_s_2025_00050","PreservedSpecimen","Coleccion",NA,"LPB","SPECIES",NA,"Beck, S.G.","SG2025_SB24660","Beck, S.G.","E","gallegos_s_2025",1,"Elleanthus gracilis",-16.35,-67.5,"1999-10-31","change1: Reduced scientificName to binomial (infra markers removed from name) | change2: Normalized/filled taxonRank without overwriting existing non-empty values | change3: Filled coordinateUncertaintyInMeters from decimal-place precision (conservative). | EpIG backbone match, accepted name update, and taxonomy fill [2026-03-28] | Filled missing scientificNameAuthorship from EpIG backbone [2026-04-14] | CoordinateCleaner QA applied without sea test (validity, equal, zeros, capitals, centroids, gbif, institutions) [2026-04-14]","removed accents in typeStatus","Colección","Beck, S.G.","Beck, S.G."
"51","gallegos_s_2025_00051","PreservedSpecimen","Coleccion",NA,"LPB","SPECIES",NA,"Beck, S.G.","SG2025_SB24794","Jimenez, I","E","gallegos_s_2025",1,"Telipogon bowmanii",-16.35,-67.5,"2000-03-20","change1: Reduced scientificName to binomial (infra markers removed from name) | change2: Normalized/filled taxonRank without overwriting existing non-empty values | change3: Filled coordinateUncertaintyInMeters from decimal-place precision (conservative). | EpIG backbone match, accepted name update, and taxonomy fill [2026-03-28] | Filled missing scientificNameAuthorship from EpIG backbone [2026-04-14] | CoordinateCleaner QA applied without sea test (validity, equal, zeros, capitals, centroids, gbif, institutions) [2026-04-14]","removed accents in typeStatus / removed accents in identifiedBy","Colección","Jiménez, I","Beck, S.G."
"52","gallegos_s_2025_00052","PreservedSpecimen","Coleccion",NA,"LPB","FAMILY",NA,"Beck, S.G.","SG2025_SB24815","Beck, S.G.","E","gallegos_s_2025",NA,"",-16.35,-67.5,"2000-03-20","change1: Cleared scientificName (not strict binomial) | change2: Normalized/filled taxonRank without overwriting existing non-empty values | change3: Filled coordinateUncertaintyInMeters from decimal-place precision (conservative). | EpIG backbone match, accepted name update, and taxonomy fill [2026-03-28] | Filled missing scientificNameAuthorship from EpIG backbone [2026-04-14] | CoordinateCleaner QA applied without sea test (validity, equal, zeros, capitals, centroids, gbif, institutions) [2026-04-14]","removed accents in typeStatus","Colección","Beck, S.G.","Beck, S.G."
"53","gallegos_s_2025_00053","PreservedSpecimen","Coleccion",NA,"LPB","FAMILY",NA,"Beck, S.G.","SG2025_SB32893","Beck, S.G.","E","gallegos_s_2025",NA,"",-16.3569444444,-67.5111111111,"2012-04-28","change1: Cleared scientificName (not strict binomial) | change2: Normalized/filled taxonRank without overwriting existing non-empty values | change3: Filled coordinateUncertaintyInMeters from decimal-place precision (conservative). | EpIG backbone match, accepted name update, and taxonomy fill [2026-03-28] | Filled missing scientificNameAuthorship from EpIG backbone [2026-04-14] | CoordinateCleaner QA applied without sea test (validity, equal, zeros, capitals, centroids, gbif, institutions) [2026-04-14]","removed accents in typeStatus","Colección","Beck, S.G.","Beck, S.G."
"54","gallegos_s_2025_00054","PreservedSpecimen","Coleccion",NA,"LPB","FAMILY",NA,"Beck, S.G.","SG2025_SB28068","Jimenez, I","E","gallegos_s_2025",NA,"",-16.3338888889,-67.5066666667,"2001-05-27","change1: Cleared scientificName (not strict binomial) | change2: Normalized/filled taxonRank without overwriting existing non-empty values | change3: Filled coordinateUncertaintyInMeters from decimal-place precision (conservative). | EpIG backbone match, accepted name update, and taxonomy fill [2026-03-28] | Filled missing scientificNameAuthorship from EpIG backbone [2026-04-14] | CoordinateCleaner QA applied without sea test (validity, equal, zeros, capitals, centroids, gbif, institutions) [2026-04-14]","removed accents in typeStatus / removed accents in identifiedBy","Colección","Jiménez, I","Beck, S.G."
"55","gallegos_s_2025_00055","PreservedSpecimen","Coleccion",NA,"LPB","FAMILY",NA,"Beck, S.G.","SG2025_SB28234","Jimenez, I","E","gallegos_s_2025",NA,"",-16.3466666667,-67.5002777778,"2001-05-29","change1: Hybrid detected: removed ×/x and reduced to binomial when possible | change2: Normalized/filled taxonRank without overwriting existing non-empty values | change3: Filled coordinateUncertaintyInMeters from decimal-place precision (conservative). | EpIG backbone match, accepted name update, and taxonomy fill [2026-03-28] | Filled missing scientificNameAuthorship from EpIG backbone [2026-04-14] | CoordinateCleaner QA applied without sea test (validity, equal, zeros, capitals, centroids, gbif, institutions) [2026-04-14]","removed accents in typeStatus / removed accents in identifiedBy","Colección","Jiménez, I","Beck, S.G."
"56","gallegos_s_2025_00056","PreservedSpecimen","Coleccion",NA,"LPB","SPECIES",NA,"Beck, S.G.","SG2025_SB35194","Jimenez, I","E","gallegos_s_2025",1,"Maxillaria polybulbon",-16.3588888889,-67.5061111111,"2016-08-23","change1: Hybrid detected: removed ×/x and reduced to binomial when possible | change2: Normalized/filled taxonRank without overwriting existing non-empty values | change3: Filled coordinateUncertaintyInMeters from decimal-place precision (conservative). | EpIG backbone match, accepted name update, and taxonomy fill [2026-03-28] | Filled missing scientificNameAuthorship from EpIG backbone [2026-04-14] | CoordinateCleaner QA applied without sea test (validity, equal, zeros, capitals, centroids, gbif, institutions) [2026-04-14]","removed accents in typeStatus / removed accents in identifiedBy","Colección","Jiménez, I","Beck, S.G."
"57","gallegos_s_2025_00057","PreservedSpecimen","Coleccion",NA,"LPB","FAMILY",NA,"Beck, S.G.","SG2025_SB35196","Jimenez, I","E","gallegos_s_2025",NA,"",-16.3588888889,-67.5061111111,"2016-08-23","change1: Cleared scientificName (not strict binomial) | change2: Normalized/filled taxonRank without overwriting existing non-empty values | change3: Filled coordinateUncertaintyInMeters from decimal-place precision (conservative). | EpIG backbone match, accepted name update, and taxonomy fill [2026-03-28] | Filled missing scientificNameAuthorship from EpIG backbone [2026-04-14] | CoordinateCleaner QA applied without sea test (validity, equal, zeros, capitals, centroids, gbif, institutions) [2026-04-14]","removed accents in typeStatus / removed accents in identifiedBy","Colección","Jiménez, I","Beck, S.G."
"58","gallegos_s_2025_00058","PreservedSpecimen","Coleccion",NA,"LPB","SPECIES",NA,"Jimenez, I.","SG2025_IJ9212","Jimenez, I","E","gallegos_s_2025",1,"Kefersteinia vasquezii",-16.3530555556,-67.5169444444,"2020-12-05","change1: Moved authorship from scientificName to scientificNameAuthorship | change2: Normalized/filled taxonRank without overwriting existing non-empty values | change3: Filled coordinateUncertaintyInMeters from decimal-place precision (conservative). | EpIG backbone match, accepted name update, and taxonomy fill [2026-03-28] | Filled missing scientificNameAuthorship from EpIG backbone [2026-04-14] | CoordinateCleaner QA applied without sea test (validity, equal, zeros, capitals, centroids, gbif, institutions) [2026-04-14]","removed accents in typeStatus / removed accents in recordedBy / removed accents in identifiedBy","Colección","Jiménez, I","Jiménez, I."
"59","gallegos_s_2025_00059","PreservedSpecimen","Coleccion",NA,"LPB","SPECIES",NA,"Jimenez, I.","SG2025_IJ9217","Jimenez, I","E","gallegos_s_2025",1,"Epidendrum repens",-16.3533333333,-67.5172222222,"2020-12-06","change1: Moved authorship from scientificName to scientificNameAuthorship | change2: Normalized/filled taxonRank without overwriting existing non-empty values | change3: Filled coordinateUncertaintyInMeters from decimal-place precision (conservative). | EpIG backbone match, accepted name update, and taxonomy fill [2026-03-28] | Filled missing scientificNameAuthorship from EpIG backbone [2026-04-14] | CoordinateCleaner QA applied without sea test (validity, equal, zeros, capitals, centroids, gbif, institutions) [2026-04-14]","removed accents in typeStatus / removed accents in recordedBy / removed accents in identifiedBy","Colección","Jiménez, I","Jiménez, I."
"60","gallegos_s_2025_00060","PreservedSpecimen","Coleccion",NA,"LPB","SPECIES",NA,"Jimenez, I.","SG2025_IJ9218","Jimenez, I","E","gallegos_s_2025",1,"Maxillaria graminifolia",-16.3533333333,-67.5172222222,"2020-12-06","change1: Hybrid detected: removed ×/x and reduced to binomial when possible | change2: Normalized/filled taxonRank without overwriting existing non-empty values | change3: Filled coordinateUncertaintyInMeters from decimal-place precision (conservative). | EpIG backbone match, accepted name update, and taxonomy fill [2026-03-28] | Filled missing scientificNameAuthorship from EpIG backbone [2026-04-14] | CoordinateCleaner QA applied without sea test (validity, equal, zeros, capitals, centroids, gbif, institutions) [2026-04-14]","removed accents in typeStatus / removed accents in recordedBy / removed accents in identifiedBy","Colección","Jiménez, I","Jiménez, I."
"61","gallegos_s_2025_00061","PreservedSpecimen","Coleccion",NA,"LPB","SPECIES",NA,"Jimenez, I.","SG2025_IJ9219","Jimenez, I","E","gallegos_s_2025",3,"Stelis ekmanii",-16.3533333333,-67.5172222222,"2020-12-06","change1: Moved authorship from scientificName to scientificNameAuthorship | change2: Normalized/filled taxonRank without overwriting existing non-empty values | change3: Filled coordinateUncertaintyInMeters from decimal-place precision (conservative). | EpIG backbone match, accepted name update, and taxonomy fill [2026-03-28] | Filled missing scientificNameAuthorship from EpIG backbone [2026-04-14] | CoordinateCleaner QA applied without sea test (validity, equal, zeros, capitals, centroids, gbif, institutions) [2026-04-14]","removed accents in typeStatus / removed accents in recordedBy / removed accents in identifiedBy","Colección","Jiménez, I","Jiménez, I."
"62","gallegos_s_2025_00062","PreservedSpecimen","Coleccion",NA,"LPB","SPECIES",NA,"Jimenez, I.","SG2025_IJ9226","Jimenez, I","E","gallegos_s_2025",1,"Epidendrum chaparense",-16.3533333333,-67.5172222222,"2020-12-06","change1: Moved authorship from scientificName to scientificNameAuthorship | change2: Normalized/filled taxonRank without overwriting existing non-empty values | change3: Filled coordinateUncertaintyInMeters from decimal-place precision (conservative). | EpIG backbone match, accepted name update, and taxonomy fill [2026-03-28] | Filled missing scientificNameAuthorship from EpIG backbone [2026-04-14] | CoordinateCleaner QA applied without sea test (validity, equal, zeros, capitals, centroids, gbif, institutions) [2026-04-14]","removed accents in typeStatus / removed accents in recordedBy / removed accents in identifiedBy","Colección","Jiménez, I","Jiménez, I."
"63","gallegos_s_2025_00063","PreservedSpecimen","Coleccion",NA,"LPB","SPECIES",NA,"Jimenez, I.","SG2025_IJ9249","Jimenez, I","E","gallegos_s_2025",1,"Stelis vasquezii",-16.3491666667,-67.5147222222,"2020-12-06","change1: Moved authorship from scientificName to scientificNameAuthorship | change2: Normalized/filled taxonRank without overwriting existing non-empty values | change3: Filled coordinateUncertaintyInMeters from decimal-place precision (conservative). | EpIG backbone match, accepted name update, and taxonomy fill [2026-03-28] | Filled missing scientificNameAuthorship from EpIG backbone [2026-04-14] | CoordinateCleaner QA applied without sea test (validity, equal, zeros, capitals, centroids, gbif, institutions) [2026-04-14]","removed accents in typeStatus / removed accents in recordedBy / removed accents in identifiedBy","Colección","Jiménez, I","Jiménez, I."
"64","gallegos_s_2025_00064","PreservedSpecimen","Coleccion",NA,"LPB","FAMILY",NA,"Jimenez, I.","SG2025_IJ9284","Jimenez, I","E","gallegos_s_2025",NA,"",-16.3855555556,-67.5058333333,"2020-12-09","change1: Cleared scientificName (not strict binomial) | change2: Normalized/filled taxonRank without overwriting existing non-empty values | change3: Filled coordinateUncertaintyInMeters from decimal-place precision (conservative). | EpIG backbone match, accepted name update, and taxonomy fill [2026-03-28] | Filled missing scientificNameAuthorship from EpIG backbone [2026-04-14] | CoordinateCleaner QA applied without sea test (validity, equal, zeros, capitals, centroids, gbif, institutions) [2026-04-14]","removed accents in typeStatus / removed accents in recordedBy / removed accents in identifiedBy","Colección","Jiménez, I","Jiménez, I."
"65","gallegos_s_2025_00065","PreservedSpecimen","Coleccion",NA,"LPB","FAMILY",NA,"Jimenez, I.","SG2025_IJ9309","Jimenez, I","E","gallegos_s_2025",NA,"",-16.3822222222,-67.5052777778,"2020-12-10","change1: Cleared scientificName (not strict binomial) | change2: Normalized/filled taxonRank without overwriting existing non-empty values | change3: Filled coordinateUncertaintyInMeters from decimal-place precision (conservative). | EpIG backbone match, accepted name update, and taxonomy fill [2026-03-28] | Filled missing scientificNameAuthorship from EpIG backbone [2026-04-14] | CoordinateCleaner QA applied without sea test (validity, equal, zeros, capitals, centroids, gbif, institutions) [2026-04-14]","removed accents in typeStatus / removed accents in recordedBy / removed accents in identifiedBy","Colección","Jiménez, I","Jiménez, I."
"66","gallegos_s_2025_00066","PreservedSpecimen","Coleccion",NA,"LPB","SPECIES",NA,"Jimenez, I.","SG2025_IJ9327","Hagsater, E","E","gallegos_s_2025",3,"Epidendrum socorrense",-16.3861111111,-67.5058333333,"2020-12-10","change1: Moved authorship from scientificName to scientificNameAuthorship | change2: Normalized/filled taxonRank without overwriting existing non-empty values | change3: Filled coordinateUncertaintyInMeters from decimal-place precision (conservative). | EpIG backbone match, accepted name update, and taxonomy fill [2026-03-28] | Filled missing scientificNameAuthorship from EpIG backbone [2026-04-14] | CoordinateCleaner QA applied without sea test (validity, equal, zeros, capitals, centroids, gbif, institutions) [2026-04-14]","removed accents in typeStatus / removed accents in recordedBy / removed accents in identifiedBy","Colección","Hágsater, E","Jiménez, I."
"67","gallegos_s_2025_00067","PreservedSpecimen","Coleccion",NA,"LPB","SPECIES",NA,"Jimenez, I.","SG2025_IJ9409","Jimenez, I","E","gallegos_s_2025",3,"Stelis ekmanii",-16.3441666667,-67.4983333333,"2020-12-16","change1: Moved authorship from scientificName to scientificNameAuthorship | change2: Normalized/filled taxonRank without overwriting existing non-empty values | change3: Filled coordinateUncertaintyInMeters from decimal-place precision (conservative). | EpIG backbone match, accepted name update, and taxonomy fill [2026-03-28] | Filled missing scientificNameAuthorship from EpIG backbone [2026-04-14] | CoordinateCleaner QA applied without sea test (validity, equal, zeros, capitals, centroids, gbif, institutions) [2026-04-14]","removed accents in typeStatus / removed accents in recordedBy / removed accents in identifiedBy","Colección","Jiménez, I","Jiménez, I."
"68","gallegos_s_2025_00068","PreservedSpecimen","Coleccion",NA,"LPB","FAMILY",NA,"Jimenez, I.","SG2025_IJ9410","Jimenez, I","E","gallegos_s_2025",NA,"",-16.3441666667,-67.4983333333,"2020-12-16","change1: Hybrid detected: removed ×/x and reduced to binomial when possible | change2: Normalized/filled taxonRank without overwriting existing non-empty values | change3: Filled coordinateUncertaintyInMeters from decimal-place precision (conservative). | EpIG backbone match, accepted name update, and taxonomy fill [2026-03-28] | Filled missing scientificNameAuthorship from EpIG backbone [2026-04-14] | CoordinateCleaner QA applied without sea test (validity, equal, zeros, capitals, centroids, gbif, institutions) [2026-04-14]","removed accents in typeStatus / removed accents in recordedBy / removed accents in identifiedBy","Colección","Jiménez, I","Jiménez, I."
"69","gallegos_s_2025_00069","PreservedSpecimen","Coleccion",NA,"LPB","FAMILY",NA,"Jimenez, I.","SG2025_IJ9412","Jimenez, I","E","gallegos_s_2025",NA,"",-16.3441666667,-67.4983333333,"2020-12-16","change1: Cleared scientificName (not strict binomial) | change2: Normalized/filled taxonRank without overwriting existing non-empty values | change3: Filled coordinateUncertaintyInMeters from decimal-place precision (conservative). | EpIG backbone match, accepted name update, and taxonomy fill [2026-03-28] | Filled missing scientificNameAuthorship from EpIG backbone [2026-04-14] | CoordinateCleaner QA applied without sea test (validity, equal, zeros, capitals, centroids, gbif, institutions) [2026-04-14]","removed accents in typeStatus / removed accents in recordedBy / removed accents in identifiedBy","Colección","Jiménez, I","Jiménez, I."
"70","gallegos_s_2025_00070","PreservedSpecimen","Coleccion",NA,"LPB","SPECIES",NA,"Jimenez, I.","SG2025_IJ9519","Jimenez, I","E","gallegos_s_2025",3,"Stelis crenulata",-16.3102777778,-67.5486111111,"2021-03-19","change1: Moved authorship from scientificName to scientificNameAuthorship | change2: Normalized/filled taxonRank without overwriting existing non-empty values | change3: Filled coordinateUncertaintyInMeters from decimal-place precision (conservative). | EpIG backbone match, accepted name update, and taxonomy fill [2026-03-28] | Filled missing scientificNameAuthorship from EpIG backbone [2026-04-14] | CoordinateCleaner QA applied without sea test (validity, equal, zeros, capitals, centroids, gbif, institutions) [2026-04-14]","removed accents in typeStatus / removed accents in recordedBy / removed accents in identifiedBy","Colección","Jiménez, I","Jiménez, I."
"71","gallegos_s_2025_00071","PreservedSpecimen","Coleccion",NA,"LPB","SPECIES",NA,"Jimenez, I.","SG2025_IJ9520","Jimenez, I","E","gallegos_s_2025",1,"Epidendrum tridactylum",-16.3102777778,-67.5486111111,"2021-03-19","change1: Moved authorship from scientificName to scientificNameAuthorship | change2: Normalized/filled taxonRank without overwriting existing non-empty values | change3: Filled coordinateUncertaintyInMeters from decimal-place precision (conservative). | EpIG backbone match, accepted name update, and taxonomy fill [2026-03-28] | Filled missing scientificNameAuthorship from EpIG backbone [2026-04-14] | CoordinateCleaner QA applied without sea test (validity, equal, zeros, capitals, centroids, gbif, institutions) [2026-04-14]","removed accents in typeStatus / removed accents in recordedBy / removed accents in identifiedBy","Colección","Jiménez, I","Jiménez, I."
"72","gallegos_s_2025_00072","PreservedSpecimen","Coleccion",NA,"LPB","SPECIES",NA,"Jimenez, I.","SG2025_IJ9521","Jimenez, I","E","gallegos_s_2025",1,"Stelis pachypus",-16.3102777778,-67.5486111111,"2021-03-19","change1: Reduced scientificName to binomial (infra markers removed from name) | change2: Normalized/filled taxonRank without overwriting existing non-empty values | change3: Filled coordinateUncertaintyInMeters from decimal-place precision (conservative). | EpIG backbone match, accepted name update, and taxonomy fill [2026-03-28] | Filled missing scientificNameAuthorship from EpIG backbone [2026-04-14] | CoordinateCleaner QA applied without sea test (validity, equal, zeros, capitals, centroids, gbif, institutions) [2026-04-14]","removed accents in typeStatus / removed accents in recordedBy / removed accents in identifiedBy","Colección","Jiménez, I","Jiménez, I."
"73","gallegos_s_2025_00073","PreservedSpecimen","Coleccion",NA,"LPB","SPECIES",NA,"Jimenez, I.","SG2025_IJ9523","Jimenez, I","E","gallegos_s_2025",1,"Scaphyglottis punctulata",-16.3102777778,-67.5486111111,"2021-03-19","change1: Reduced scientificName to binomial (infra markers removed from name) | change2: Normalized/filled taxonRank without overwriting existing non-empty values | change3: Filled coordinateUncertaintyInMeters from decimal-place precision (conservative). | EpIG backbone match, accepted name update, and taxonomy fill [2026-03-28] | Filled missing scientificNameAuthorship from EpIG backbone [2026-04-14] | CoordinateCleaner QA applied without sea test (validity, equal, zeros, capitals, centroids, gbif, institutions) [2026-04-14]","removed accents in typeStatus / removed accents in recordedBy / removed accents in identifiedBy","Colección","Jiménez, I","Jiménez, I."
"74","gallegos_s_2025_00074","PreservedSpecimen","Coleccion",NA,"LPB","SPECIES",NA,"Jimenez, I.","SG2025_IJ9524","Jimenez, I","E","gallegos_s_2025",1,"Pleurothallis vorator",-16.3102777778,-67.5486111111,"2021-03-19","change1: Moved authorship from scientificName to scientificNameAuthorship | change2: Normalized/filled taxonRank without overwriting existing non-empty values | change3: Filled coordinateUncertaintyInMeters from decimal-place precision (conservative). | EpIG backbone match, accepted name update, and taxonomy fill [2026-03-28] | Filled missing scientificNameAuthorship from EpIG backbone [2026-04-14] | CoordinateCleaner QA applied without sea test (validity, equal, zeros, capitals, centroids, gbif, institutions) [2026-04-14]","removed accents in typeStatus / removed accents in recordedBy / removed accents in identifiedBy","Colección","Jiménez, I","Jiménez, I."
"75","gallegos_s_2025_00075","PreservedSpecimen","Coleccion",NA,"LPB","SPECIES",NA,"Jimenez, I.","SG2025_IJ9557","Jimenez, I","E","gallegos_s_2025",1,"Masdevallia boliviensis",-16.3488888889,-67.5016666667,"2021-03-23","change1: Moved authorship from scientificName to scientificNameAuthorship | change2: Normalized/filled taxonRank without overwriting existing non-empty values | change3: Filled coordinateUncertaintyInMeters from decimal-place precision (conservative). | EpIG backbone match, accepted name update, and taxonomy fill [2026-03-28] | Filled missing scientificNameAuthorship from EpIG backbone [2026-04-14] | CoordinateCleaner QA applied without sea test (validity, equal, zeros, capitals, centroids, gbif, institutions) [2026-04-14]","removed accents in typeStatus / removed accents in recordedBy / removed accents in identifiedBy","Colección","Jiménez, I","Jiménez, I."
"76","gallegos_s_2025_00076","PreservedSpecimen","Coleccion",NA,"LPB","SPECIES",NA,"Jimenez, I.","SG2025_IJ9587","Jimenez, I","E","gallegos_s_2025",1,"Cyrtochilum caespitosum",-16.3477777778,-67.5044444444,"2021-03-23","change1: Moved authorship from scientificName to scientificNameAuthorship | change2: Normalized/filled taxonRank without overwriting existing non-empty values | change3: Filled coordinateUncertaintyInMeters from decimal-place precision (conservative). | EpIG backbone match, accepted name update, and taxonomy fill [2026-03-28] | Filled missing scientificNameAuthorship from EpIG backbone [2026-04-14] | CoordinateCleaner QA applied without sea test (validity, equal, zeros, capitals, centroids, gbif, institutions) [2026-04-14]","removed accents in typeStatus / removed accents in recordedBy / removed accents in identifiedBy","Colección","Jiménez, I","Jiménez, I."
"77","gallegos_s_2025_00077","PreservedSpecimen","Coleccion",NA,"LPB","FAMILY",NA,"Jimenez, I.","SG2025_IJ9588","Jimenez, I","E","gallegos_s_2025",NA,"",-16.3477777778,-67.5044444444,"2021-03-23","change1: Cleared scientificName (not strict binomial) | change2: Normalized/filled taxonRank without overwriting existing non-empty values | change3: Filled coordinateUncertaintyInMeters from decimal-place precision (conservative). | EpIG backbone match, accepted name update, and taxonomy fill [2026-03-28] | Filled missing scientificNameAuthorship from EpIG backbone [2026-04-14] | CoordinateCleaner QA applied without sea test (validity, equal, zeros, capitals, centroids, gbif, institutions) [2026-04-14]","removed accents in typeStatus / removed accents in recordedBy / removed accents in identifiedBy","Colección","Jiménez, I","Jiménez, I."
"78","gallegos_s_2025_00078","PreservedSpecimen","Coleccion",NA,"LPB","SPECIES",NA,"Jimenez, I.","SG2025_IJ9589","Jimenez, I","E","gallegos_s_2025",3,"Stelis crenulata",-16.3477777778,-67.5044444444,"2021-03-23","change1: Moved authorship from scientificName to scientificNameAuthorship | change2: Normalized/filled taxonRank without overwriting existing non-empty values | change3: Filled coordinateUncertaintyInMeters from decimal-place precision (conservative). | EpIG backbone match, accepted name update, and taxonomy fill [2026-03-28] | Filled missing scientificNameAuthorship from EpIG backbone [2026-04-14] | CoordinateCleaner QA applied without sea test (validity, equal, zeros, capitals, centroids, gbif, institutions) [2026-04-14]","removed accents in typeStatus / removed accents in recordedBy / removed accents in identifiedBy","Colección","Jiménez, I","Jiménez, I."
"79","gallegos_s_2025_00079","PreservedSpecimen","Coleccion",NA,"LPB","SPECIES",NA,"Jimenez, I.","SG2025_IJ9590","Jimenez, I","E","gallegos_s_2025",1,"Lockhartia longifolia",-16.3477777778,-67.5044444444,"2021-03-23","change1: Moved authorship from scientificName to scientificNameAuthorship | change2: Normalized/filled taxonRank without overwriting existing non-empty values | change3: Filled coordinateUncertaintyInMeters from decimal-place precision (conservative). | EpIG backbone match, accepted name update, and taxonomy fill [2026-03-28] | Filled missing scientificNameAuthorship from EpIG backbone [2026-04-14] | CoordinateCleaner QA applied without sea test (validity, equal, zeros, capitals, centroids, gbif, institutions) [2026-04-14]","removed accents in typeStatus / removed accents in recordedBy / removed accents in identifiedBy","Colección","Jiménez, I","Jiménez, I."
"80","gallegos_s_2025_00080","PreservedSpecimen","Coleccion",NA,"LPB","FAMILY",NA,"Jimenez, I.","SG2025_IJ9625","Jimenez, I","E","gallegos_s_2025",NA,"",-16.3441666667,-67.4983333333,"2021-03-27","change1: Hybrid detected: removed ×/x and reduced to binomial when possible | change2: Normalized/filled taxonRank without overwriting existing non-empty values | change3: Filled coordinateUncertaintyInMeters from decimal-place precision (conservative). | EpIG backbone match, accepted name update, and taxonomy fill [2026-03-28] | Filled missing scientificNameAuthorship from EpIG backbone [2026-04-14] | CoordinateCleaner QA applied without sea test (validity, equal, zeros, capitals, centroids, gbif, institutions) [2026-04-14]","removed accents in typeStatus / removed accents in recordedBy / removed accents in identifiedBy","Colección","Jiménez, I","Jiménez, I."
"81","gallegos_s_2025_00081","PreservedSpecimen","Coleccion",NA,"LPB","SPECIES",NA,"Jimenez, I.","SG2025_IJ9626","Jimenez, I","E","gallegos_s_2025",1,"Stelis lanata",-16.3441666667,-67.4983333333,"2021-03-27","change1: Moved authorship from scientificName to scientificNameAuthorship | change2: Normalized/filled taxonRank without overwriting existing non-empty values | change3: Filled coordinateUncertaintyInMeters from decimal-place precision (conservative). | EpIG backbone match, accepted name update, and taxonomy fill [2026-03-28] | Filled missing scientificNameAuthorship from EpIG backbone [2026-04-14] | CoordinateCleaner QA applied without sea test (validity, equal, zeros, capitals, centroids, gbif, institutions) [2026-04-14]","removed accents in typeStatus / removed accents in recordedBy / removed accents in identifiedBy","Colección","Jiménez, I","Jiménez, I."
"82","gallegos_s_2025_00082","PreservedSpecimen","Coleccion",NA,"LPB","SPECIES",NA,"Jimenez, I.","SG2025_IJ9631","Jimenez, I","E","gallegos_s_2025",1,"Pleurothallis divaricans",-16.3441666667,-67.4983333333,"2021-03-27","change1: Moved authorship from scientificName to scientificNameAuthorship | change2: Normalized/filled taxonRank without overwriting existing non-empty values | change3: Filled coordinateUncertaintyInMeters from decimal-place precision (conservative). | EpIG backbone match, accepted name update, and taxonomy fill [2026-03-28] | Filled missing scientificNameAuthorship from EpIG backbone [2026-04-14] | CoordinateCleaner QA applied without sea test (validity, equal, zeros, capitals, centroids, gbif, institutions) [2026-04-14]","removed accents in typeStatus / removed accents in recordedBy / removed accents in identifiedBy","Colección","Jiménez, I","Jiménez, I."
"83","gallegos_s_2025_00083","PreservedSpecimen","Coleccion",NA,"LPB","FAMILY",NA,"Jimenez, I.","SG2025_IJ9633","Jimenez, I","E","gallegos_s_2025",NA,"",-16.3430555556,-67.4997222222,"2021-03-27","change1: Cleared scientificName (not strict binomial) | change2: Normalized/filled taxonRank without overwriting existing non-empty values | change3: Filled coordinateUncertaintyInMeters from decimal-place precision (conservative). | EpIG backbone match, accepted name update, and taxonomy fill [2026-03-28] | Filled missing scientificNameAuthorship from EpIG backbone [2026-04-14] | CoordinateCleaner QA applied without sea test (validity, equal, zeros, capitals, centroids, gbif, institutions) [2026-04-14]","removed accents in typeStatus / removed accents in recordedBy / removed accents in identifiedBy","Colección","Jiménez, I","Jiménez, I."
"84","gallegos_s_2025_00084","PreservedSpecimen","Coleccion",NA,"LPB","SPECIES",NA,"Jimenez, I.","SG2025_IJ9635","Jimenez, I","E","gallegos_s_2025",1,"Trichosalpinx notosibirica",-16.3430555556,-67.4997222222,"2021-03-27","change1: Hybrid detected: removed ×/x and reduced to binomial when possible | change2: Normalized/filled taxonRank without overwriting existing non-empty values | change3: Filled coordinateUncertaintyInMeters from decimal-place precision (conservative). | EpIG backbone match, accepted name update, and taxonomy fill [2026-03-28] | Filled missing scientificNameAuthorship from EpIG backbone [2026-04-14] | CoordinateCleaner QA applied without sea test (validity, equal, zeros, capitals, centroids, gbif, institutions) [2026-04-14]","removed accents in typeStatus / removed accents in recordedBy / removed accents in identifiedBy","Colección","Jiménez, I","Jiménez, I."
"85","gallegos_s_2025_00085","PreservedSpecimen","Coleccion",NA,"LPB","SPECIES",NA,"Jimenez, I.","SG2025_IJ9636","Jimenez, I","E","gallegos_s_2025",1,"Stelis pachypus",-16.3430555556,-67.4997222222,"2021-03-27","change1: Reduced scientificName to binomial (infra markers removed from name) | change2: Normalized/filled taxonRank without overwriting existing non-empty values | change3: Filled coordinateUncertaintyInMeters from decimal-place precision (conservative). | EpIG backbone match, accepted name update, and taxonomy fill [2026-03-28] | Filled missing scientificNameAuthorship from EpIG backbone [2026-04-14] | CoordinateCleaner QA applied without sea test (validity, equal, zeros, capitals, centroids, gbif, institutions) [2026-04-14]","removed accents in typeStatus / removed accents in recordedBy / removed accents in identifiedBy","Colección","Jiménez, I","Jiménez, I."
"86","gallegos_s_2025_00086","PreservedSpecimen","Coleccion",NA,"LPB","SPECIES",NA,"Jimenez, I.","SG2025_IJ9637","Jimenez, I","E","gallegos_s_2025",1,"Epidendrum roncanum",-16.3430555556,-67.4997222222,"2021-03-27","change1: Moved authorship from scientificName to scientificNameAuthorship | change2: Normalized/filled taxonRank without overwriting existing non-empty values | change3: Filled coordinateUncertaintyInMeters from decimal-place precision (conservative). | EpIG backbone match, accepted name update, and taxonomy fill [2026-03-28] | Filled missing scientificNameAuthorship from EpIG backbone [2026-04-14] | CoordinateCleaner QA applied without sea test (validity, equal, zeros, capitals, centroids, gbif, institutions) [2026-04-14]","removed accents in typeStatus / removed accents in recordedBy / removed accents in identifiedBy","Colección","Jiménez, I","Jiménez, I."
"87","gallegos_s_2025_00087","PreservedSpecimen","Coleccion",NA,"LPB","FAMILY",NA,"Jimenez, I.","SG2025_IJ9639","Jimenez, I","E","gallegos_s_2025",NA,"",-16.3430555556,-67.4997222222,"2021-03-27","change1: Cleared scientificName (not strict binomial) | change2: Normalized/filled taxonRank without overwriting existing non-empty values | change3: Filled coordinateUncertaintyInMeters from decimal-place precision (conservative). | EpIG backbone match, accepted name update, and taxonomy fill [2026-03-28] | Filled missing scientificNameAuthorship from EpIG backbone [2026-04-14] | CoordinateCleaner QA applied without sea test (validity, equal, zeros, capitals, centroids, gbif, institutions) [2026-04-14]","removed accents in typeStatus / removed accents in recordedBy / removed accents in identifiedBy","Colección","Jiménez, I","Jiménez, I."
"88","gallegos_s_2025_00088","PreservedSpecimen","Coleccion",NA,"LPB","FAMILY",NA,"Jimenez, I.","SG2025_IJ9640","Jimenez, I","E","gallegos_s_2025",NA,"",-16.3430555556,-67.4997222222,"2021-03-27","change1: Cleared scientificName (not strict binomial) | change2: Normalized/filled taxonRank without overwriting existing non-empty values | change3: Filled coordinateUncertaintyInMeters from decimal-place precision (conservative). | EpIG backbone match, accepted name update, and taxonomy fill [2026-03-28] | Filled missing scientificNameAuthorship from EpIG backbone [2026-04-14] | CoordinateCleaner QA applied without sea test (validity, equal, zeros, capitals, centroids, gbif, institutions) [2026-04-14]","removed accents in typeStatus / removed accents in recordedBy / removed accents in identifiedBy","Colección","Jiménez, I","Jiménez, I."
"89","gallegos_s_2025_00089","PreservedSpecimen","Coleccion",NA,"LPB","SPECIES",NA,"Jimenez, I.","SG2025_IJ9641","Jimenez, I","E","gallegos_s_2025",1,"Stelis galeata",-16.3430555556,-67.4997222222,"2021-03-27","change1: Moved authorship from scientificName to scientificNameAuthorship | change2: Normalized/filled taxonRank without overwriting existing non-empty values | change3: Filled coordinateUncertaintyInMeters from decimal-place precision (conservative). | EpIG backbone match, accepted name update, and taxonomy fill [2026-03-28] | Filled missing scientificNameAuthorship from EpIG backbone [2026-04-14] | CoordinateCleaner QA applied without sea test (validity, equal, zeros, capitals, centroids, gbif, institutions) [2026-04-14]","removed accents in typeStatus / removed accents in recordedBy / removed accents in identifiedBy","Colección","Jiménez, I","Jiménez, I."
"90","gallegos_s_2025_00090","PreservedSpecimen","Coleccion",NA,"LPB","SPECIES",NA,"Jimenez, I.","SG2025_IJ9647","Jimenez, I","E","gallegos_s_2025",1,"Maxillaria quitensis",-16.3430555556,-67.4997222222,"2021-03-27","change1: Hybrid detected: removed ×/x and reduced to binomial when possible | change2: Normalized/filled taxonRank without overwriting existing non-empty values | change3: Filled coordinateUncertaintyInMeters from decimal-place precision (conservative). | EpIG backbone match, accepted name update, and taxonomy fill [2026-03-28] | Filled missing scientificNameAuthorship from EpIG backbone [2026-04-14] | CoordinateCleaner QA applied without sea test (validity, equal, zeros, capitals, centroids, gbif, institutions) [2026-04-14]","removed accents in typeStatus / removed accents in recordedBy / removed accents in identifiedBy","Colección","Jiménez, I","Jiménez, I."
"91","gallegos_s_2025_00091","PreservedSpecimen","Coleccion",NA,"LPB","SPECIES",NA,"Jimenez, I.","SG2025_IJ9649","Jimenez, I","E","gallegos_s_2025",1,"Scaphyglottis summersii",-16.3430555556,-67.4997222222,"2021-03-27","change1: Moved authorship from scientificName to scientificNameAuthorship | change2: Normalized/filled taxonRank without overwriting existing non-empty values | change3: Filled coordinateUncertaintyInMeters from decimal-place precision (conservative). | EpIG backbone match, accepted name update, and taxonomy fill [2026-03-28] | Filled missing scientificNameAuthorship from EpIG backbone [2026-04-14] | CoordinateCleaner QA applied without sea test (validity, equal, zeros, capitals, centroids, gbif, institutions) [2026-04-14]","removed accents in typeStatus / removed accents in recordedBy / removed accents in identifiedBy","Colección","Jiménez, I","Jiménez, I."
"92","gallegos_s_2025_00092","PreservedSpecimen","Coleccion",NA,"LPB","SPECIES",NA,"Jimenez, I.","SG2025_IJ9653","Jimenez, I","E","gallegos_s_2025",1,"Stelis lanata",-16.3405555556,-67.4958333333,"2021-03-27","change1: Moved authorship from scientificName to scientificNameAuthorship | change2: Normalized/filled taxonRank without overwriting existing non-empty values | change3: Filled coordinateUncertaintyInMeters from decimal-place precision (conservative). | EpIG backbone match, accepted name update, and taxonomy fill [2026-03-28] | Filled missing scientificNameAuthorship from EpIG backbone [2026-04-14] | CoordinateCleaner QA applied without sea test (validity, equal, zeros, capitals, centroids, gbif, institutions) [2026-04-14]","removed accents in typeStatus / removed accents in recordedBy / removed accents in identifiedBy","Colección","Jiménez, I","Jiménez, I."
"93","gallegos_s_2025_00093","PreservedSpecimen","Coleccion",NA,"LPB","SPECIES",NA,"Jimenez, I.","SG2025_IJ9654","Jimenez, I","E","gallegos_s_2025",1,"Trichosalpinx cedralensis",-16.3405555556,-67.4958333333,"2021-03-27","change1: Hybrid detected: removed ×/x and reduced to binomial when possible | change2: Normalized/filled taxonRank without overwriting existing non-empty values | change3: Filled coordinateUncertaintyInMeters from decimal-place precision (conservative). | EpIG backbone match, accepted name update, and taxonomy fill [2026-03-28] | Filled missing scientificNameAuthorship from EpIG backbone [2026-04-14] | CoordinateCleaner QA applied without sea test (validity, equal, zeros, capitals, centroids, gbif, institutions) [2026-04-14]","removed accents in typeStatus / removed accents in recordedBy / removed accents in identifiedBy","Colección","Jiménez, I","Jiménez, I."
"94","gallegos_s_2025_00094","PreservedSpecimen","Coleccion",NA,"LPB","FAMILY",NA,"Jimenez, I.","SG2025_IJ9655","Jimenez, I","E","gallegos_s_2025",NA,"",-16.3405555556,-67.4958333333,"2021-03-27","change1: Cleared scientificName (not strict binomial) | change2: Normalized/filled taxonRank without overwriting existing non-empty values | change3: Filled coordinateUncertaintyInMeters from decimal-place precision (conservative). | EpIG backbone match, accepted name update, and taxonomy fill [2026-03-28] | Filled missing scientificNameAuthorship from EpIG backbone [2026-04-14] | CoordinateCleaner QA applied without sea test (validity, equal, zeros, capitals, centroids, gbif, institutions) [2026-04-14]","removed accents in typeStatus / removed accents in recordedBy / removed accents in identifiedBy","Colección","Jiménez, I","Jiménez, I."
"95","gallegos_s_2025_00095","PreservedSpecimen","Coleccion",NA,"LPB","SPECIES",NA,"Beck, S.G.","SG2025_SB28077","Croat, T.B.","E","gallegos_s_2025",1,"Anthurium amoenum",-16.3338888889,-67.5066666667,"2001-05-27","change1: Moved authorship from scientificName to scientificNameAuthorship | change2: Normalized/filled taxonRank without overwriting existing non-empty values | change3: Filled coordinateUncertaintyInMeters from decimal-place precision (conservative). | EpIG backbone match, accepted name update, and taxonomy fill [2026-03-28] | Filled missing scientificNameAuthorship from EpIG backbone [2026-04-14] | CoordinateCleaner QA applied without sea test (validity, equal, zeros, capitals, centroids, gbif, institutions) [2026-04-14]","removed accents in typeStatus","Colección","Croat, T.B.","Beck, S.G."
"96","gallegos_s_2025_00096","PreservedSpecimen","Coleccion",NA,"LPB","SPECIES",NA,"Jimenez, I.","SG2025_IJ9233","Jimenez, I","E","gallegos_s_2025",1,"Elaphoglossum hybridum",-16.3533333333,-67.5172222222,"2020-12-06","change1: Moved authorship from scientificName to scientificNameAuthorship | change2: Normalized/filled taxonRank without overwriting existing non-empty values | change3: Filled coordinateUncertaintyInMeters from decimal-place precision (conservative). | EpIG backbone match, accepted name update, and taxonomy fill [2026-03-28] | Filled missing scientificNameAuthorship from EpIG backbone [2026-04-14] | CoordinateCleaner QA applied without sea test (validity, equal, zeros, capitals, centroids, gbif, institutions) [2026-04-14]","removed accents in typeStatus / removed accents in recordedBy / removed accents in identifiedBy","Colección","Jiménez, I","Jiménez, I."
"97","gallegos_s_2025_00097","PreservedSpecimen","Coleccion",NA,"LPB","SPECIES",NA,"Jimenez, I.","SG2025_IJ9239","Jimenez, I","E","gallegos_s_2025",1,"Elaphoglossum orbignyanum",-16.3533333333,-67.5172222222,"2020-12-06","change1: Moved authorship from scientificName to scientificNameAuthorship | change2: Normalized/filled taxonRank without overwriting existing non-empty values | change3: Filled coordinateUncertaintyInMeters from decimal-place precision (conservative). | EpIG backbone match, accepted name update, and taxonomy fill [2026-03-28] | Filled missing scientificNameAuthorship from EpIG backbone [2026-04-14] | CoordinateCleaner QA applied without sea test (validity, equal, zeros, capitals, centroids, gbif, institutions) [2026-04-14]","removed accents in typeStatus / removed accents in recordedBy / removed accents in identifiedBy","Colección","Jiménez, I","Jiménez, I."
"98","gallegos_s_2025_00098","PreservedSpecimen","Coleccion",NA,"LPB","SPECIES",NA,"Jimenez, I.","SG2025_IJ9240","Jimenez, I","E","gallegos_s_2025",1,"Elaphoglossum orbignyanum",-16.3533333333,-67.5172222222,"2020-12-06","change1: Moved authorship from scientificName to scientificNameAuthorship | change2: Normalized/filled taxonRank without overwriting existing non-empty values | change3: Filled coordinateUncertaintyInMeters from decimal-place precision (conservative). | EpIG backbone match, accepted name update, and taxonomy fill [2026-03-28] | Filled missing scientificNameAuthorship from EpIG backbone [2026-04-14] | CoordinateCleaner QA applied without sea test (validity, equal, zeros, capitals, centroids, gbif, institutions) [2026-04-14]","removed accents in typeStatus / removed accents in recordedBy / removed accents in identifiedBy","Colección","Jiménez, I","Jiménez, I."
"99","gallegos_s_2025_00099","PreservedSpecimen","Coleccion",NA,"LPB","SPECIES",NA,"Jimenez, I.","SG2025_IJ9250","Jimenez, I","E","gallegos_s_2025",1,"Elaphoglossum glabellum",-16.3861111111,-67.5044444444,"2020-12-08","change1: Moved authorship from scientificName to scientificNameAuthorship | change2: Normalized/filled taxonRank without overwriting existing non-empty values | change3: Filled coordinateUncertaintyInMeters from decimal-place precision (conservative). | EpIG backbone match, accepted name update, and taxonomy fill [2026-03-28] | Filled missing scientificNameAuthorship from EpIG backbone [2026-04-14] | CoordinateCleaner QA applied without sea test (validity, equal, zeros, capitals, centroids, gbif, institutions) [2026-04-14]","removed accents in typeStatus / removed accents in recordedBy / removed accents in identifiedBy","Colección","Jiménez, I","Jiménez, I."
"100","gallegos_s_2025_00100","PreservedSpecimen","Coleccion",NA,"LPB","SPECIES",NA,"Jimenez, I.","SG2025_IJ9251","Jimenez, I","E","gallegos_s_2025",2,"Elaphoglossum inaequalifolium",-16.3861111111,-67.5044444444,"2020-12-08","change1: Moved authorship from scientificName to scientificNameAuthorship | change2: Normalized/filled taxonRank without overwriting existing non-empty values | change3: Filled coordinateUncertaintyInMeters from decimal-place precision (conservative). | EpIG backbone match, accepted name update, and taxonomy fill [2026-03-28] | Filled missing scientificNameAuthorship from EpIG backbone [2026-04-14] | CoordinateCleaner QA applied without sea test (validity, equal, zeros, capitals, centroids, gbif, institutions) [2026-04-14]","removed accents in typeStatus / removed accents in recordedBy / removed accents in identifiedBy","Colección","Jiménez, I","Jiménez, I."
"101","gallegos_s_2025_00101","PreservedSpecimen","Coleccion",NA,"LPB","SPECIES",NA,"Jimenez, I.","SG2025_IJ9265","Jimenez, I","E","gallegos_s_2025",1,"Elaphoglossum bellermannianum",-16.3861111111,-67.5058333333,"2020-12-09","change1: Moved authorship from scientificName to scientificNameAuthorship | change2: Normalized/filled taxonRank without overwriting existing non-empty values | change3: Filled coordinateUncertaintyInMeters from decimal-place precision (conservative). | EpIG backbone match, accepted name update, and taxonomy fill [2026-03-28] | Filled missing scientificNameAuthorship from EpIG backbone [2026-04-14] | CoordinateCleaner QA applied without sea test (validity, equal, zeros, capitals, centroids, gbif, institutions) [2026-04-14]","removed accents in typeStatus / removed accents in recordedBy / removed accents in identifiedBy","Colección","Jiménez, I","Jiménez, I."
"102","gallegos_s_2025_00102","PreservedSpecimen","Coleccion",NA,"LPB","SPECIES",NA,"Jimenez, I.","SG2025_IJ9266","Jimenez, I","E","gallegos_s_2025",1,"Elaphoglossum sunduei",-16.3861111111,-67.5058333333,"2020-12-09","change1: Moved authorship from scientificName to scientificNameAuthorship | change2: Normalized/filled taxonRank without overwriting existing non-empty values | change3: Filled coordinateUncertaintyInMeters from decimal-place precision (conservative). | EpIG backbone match, accepted name update, and taxonomy fill [2026-03-28] | Filled missing scientificNameAuthorship from EpIG backbone [2026-04-14] | CoordinateCleaner QA applied without sea test (validity, equal, zeros, capitals, centroids, gbif, institutions) [2026-04-14]","removed accents in typeStatus / removed accents in recordedBy / removed accents in identifiedBy","Colección","Jiménez, I","Jiménez, I."
"103","gallegos_s_2025_00103","PreservedSpecimen","Coleccion",NA,"LPB","SPECIES",NA,"Jimenez, I.","SG2025_IJ9269","Jimenez, I","E","gallegos_s_2025",2,"Elaphoglossum inaequalifolium",-16.3861111111,-67.5058333333,"2020-12-09","change1: Moved authorship from scientificName to scientificNameAuthorship | change2: Normalized/filled taxonRank without overwriting existing non-empty values | change3: Filled coordinateUncertaintyInMeters from decimal-place precision (conservative). | EpIG backbone match, accepted name update, and taxonomy fill [2026-03-28] | Filled missing scientificNameAuthorship from EpIG backbone [2026-04-14] | CoordinateCleaner QA applied without sea test (validity, equal, zeros, capitals, centroids, gbif, institutions) [2026-04-14]","removed accents in typeStatus / removed accents in recordedBy / removed accents in identifiedBy","Colección","Jiménez, I","Jiménez, I."
"104","gallegos_s_2025_00104","PreservedSpecimen","Coleccion",NA,"LPB","SPECIES",NA,"Jimenez, I.","SG2025_IJ9270","Jimenez, I","E","gallegos_s_2025",1,"Elaphoglossum orbignyanum",-16.3861111111,-67.5058333333,"2020-12-09","change1: Moved authorship from scientificName to scientificNameAuthorship | change2: Normalized/filled taxonRank without overwriting existing non-empty values | change3: Filled coordinateUncertaintyInMeters from decimal-place precision (conservative). | EpIG backbone match, accepted name update, and taxonomy fill [2026-03-28] | Filled missing scientificNameAuthorship from EpIG backbone [2026-04-14] | CoordinateCleaner QA applied without sea test (validity, equal, zeros, capitals, centroids, gbif, institutions) [2026-04-14]","removed accents in typeStatus / removed accents in recordedBy / removed accents in identifiedBy","Colección","Jiménez, I","Jiménez, I."
"105","gallegos_s_2025_00105","PreservedSpecimen","Coleccion",NA,"LPB","SPECIES",NA,"Jimenez, I.","SG2025_IJ9282","Jimenez, I","E","gallegos_s_2025",1,"Elaphoglossum neei",-16.3855555556,-67.5058333333,"2020-12-09","change1: Moved authorship from scientificName to scientificNameAuthorship | change2: Normalized/filled taxonRank without overwriting existing non-empty values | change3: Filled coordinateUncertaintyInMeters from decimal-place precision (conservative). | EpIG backbone match, accepted name update, and taxonomy fill [2026-03-28] | Filled missing scientificNameAuthorship from EpIG backbone [2026-04-14] | CoordinateCleaner QA applied without sea test (validity, equal, zeros, capitals, centroids, gbif, institutions) [2026-04-14]","removed accents in typeStatus / removed accents in recordedBy / removed accents in identifiedBy","Colección","Jiménez, I","Jiménez, I."
"106","gallegos_s_2025_00106","PreservedSpecimen","Coleccion",NA,"LPB","SPECIES",NA,"Jimenez, I.","SG2025_IJ9283","Jimenez, I","E","gallegos_s_2025",1,"Elaphoglossum flaccidum",-16.3855555556,-67.5058333333,"2020-12-09","change1: Moved authorship from scientificName to scientificNameAuthorship | change2: Normalized/filled taxonRank without overwriting existing non-empty values | change3: Filled coordinateUncertaintyInMeters from decimal-place precision (conservative). | EpIG backbone match, accepted name update, and taxonomy fill [2026-03-28] | Filled missing scientificNameAuthorship from EpIG backbone [2026-04-14] | CoordinateCleaner QA applied without sea test (validity, equal, zeros, capitals, centroids, gbif, institutions) [2026-04-14]","removed accents in typeStatus / removed accents in recordedBy / removed accents in identifiedBy","Colección","Jiménez, I","Jiménez, I."
"107","gallegos_s_2025_00107","PreservedSpecimen","Coleccion",NA,"LPB","SPECIES",NA,"Jimenez, I.","SG2025_IJ9305","Jimenez, I","E","gallegos_s_2025",2,"Elaphoglossum inaequalifolium",-16.3822222222,-67.5052777778,"2020-12-10","change1: Moved authorship from scientificName to scientificNameAuthorship | change2: Normalized/filled taxonRank without overwriting existing non-empty values | change3: Filled coordinateUncertaintyInMeters from decimal-place precision (conservative). | EpIG backbone match, accepted name update, and taxonomy fill [2026-03-28] | Filled missing scientificNameAuthorship from EpIG backbone [2026-04-14] | CoordinateCleaner QA applied without sea test (validity, equal, zeros, capitals, centroids, gbif, institutions) [2026-04-14]","removed accents in typeStatus / removed accents in recordedBy / removed accents in identifiedBy","Colección","Jiménez, I","Jiménez, I."
"108","gallegos_s_2025_00108","PreservedSpecimen","Coleccion",NA,"LPB","SPECIES",NA,"Jimenez, I.","SG2025_IJ9306","Jimenez, I","E","gallegos_s_2025",1,"Serpocaulon vacillans",-16.3822222222,-67.5052777778,"2020-12-10","change1: Moved authorship from scientificName to scientificNameAuthorship | change2: Normalized/filled taxonRank without overwriting existing non-empty values | change3: Filled coordinateUncertaintyInMeters from decimal-place precision (conservative). | EpIG backbone match, accepted name update, and taxonomy fill [2026-03-28] | Filled missing scientificNameAuthorship from EpIG backbone [2026-04-14] | CoordinateCleaner QA applied without sea test (validity, equal, zeros, capitals, centroids, gbif, institutions) [2026-04-14]","removed accents in typeStatus / removed accents in recordedBy / removed accents in identifiedBy","Colección","Jiménez, I","Jiménez, I."
"109","gallegos_s_2025_00109","PreservedSpecimen","Coleccion",NA,"LPB","SPECIES",NA,"Jimenez, I.","SG2025_IJ9310","Jimenez, I","E","gallegos_s_2025",1,"Hymenophyllum sericeum",-16.3822222222,-67.5052777778,"2020-12-10","change1: Moved authorship from scientificName to scientificNameAuthorship | change2: Normalized/filled taxonRank without overwriting existing non-empty values | change3: Filled coordinateUncertaintyInMeters from decimal-place precision (conservative). | EpIG backbone match, accepted name update, and taxonomy fill [2026-03-28] | Filled missing scientificNameAuthorship from EpIG backbone [2026-04-14] | CoordinateCleaner QA applied without sea test (validity, equal, zeros, capitals, centroids, gbif, institutions) [2026-04-14]","removed accents in typeStatus / removed accents in recordedBy / removed accents in identifiedBy","Colección","Jiménez, I","Jiménez, I."
"110","gallegos_s_2025_00110","PreservedSpecimen","Coleccion",NA,"LPB","SPECIES",NA,"Jimenez, I.","SG2025_IJ9316","Jimenez, I","E","gallegos_s_2025",1,"Serpocaulon latipes",-16.3819444444,-67.5036111111,"2020-12-10","change1: Moved authorship from scientificName to scientificNameAuthorship | change2: Normalized/filled taxonRank without overwriting existing non-empty values | change3: Filled coordinateUncertaintyInMeters from decimal-place precision (conservative). | EpIG backbone match, accepted name update, and taxonomy fill [2026-03-28] | Filled missing scientificNameAuthorship from EpIG backbone [2026-04-14] | CoordinateCleaner QA applied without sea test (validity, equal, zeros, capitals, centroids, gbif, institutions) [2026-04-14]","removed accents in typeStatus / removed accents in recordedBy / removed accents in identifiedBy","Colección","Jiménez, I","Jiménez, I."
"111","gallegos_s_2025_00111","PreservedSpecimen","Coleccion",NA,"LPB","SPECIES",NA,"Jimenez, I.","SG2025_IJ9322","Jimenez, I","E","gallegos_s_2025",1,"Elaphoglossum hybridum",-16.3819444444,-67.5036111111,"2020-12-10","change1: Moved authorship from scientificName to scientificNameAuthorship | change2: Normalized/filled taxonRank without overwriting existing non-empty values | change3: Filled coordinateUncertaintyInMeters from decimal-place precision (conservative). | EpIG backbone match, accepted name update, and taxonomy fill [2026-03-28] | Filled missing scientificNameAuthorship from EpIG backbone [2026-04-14] | CoordinateCleaner QA applied without sea test (validity, equal, zeros, capitals, centroids, gbif, institutions) [2026-04-14]","removed accents in typeStatus / removed accents in recordedBy / removed accents in identifiedBy","Colección","Jiménez, I","Jiménez, I."
"112","gallegos_s_2025_00112","PreservedSpecimen","Coleccion",NA,"LPB","SPECIES",NA,"Jimenez, I.","SG2025_IJ9325","Jimenez, I","E","gallegos_s_2025",1,"Grammitis smithii",-16.3819444444,-67.5036111111,"2020-12-10","change1: Moved authorship from scientificName to scientificNameAuthorship | change2: Normalized/filled taxonRank without overwriting existing non-empty values | change3: Filled coordinateUncertaintyInMeters from decimal-place precision (conservative). | EpIG backbone match, accepted name update, and taxonomy fill [2026-03-28] | Filled missing scientificNameAuthorship from EpIG backbone [2026-04-14] | CoordinateCleaner QA applied without sea test (validity, equal, zeros, capitals, centroids, gbif, institutions) [2026-04-14]","removed accents in typeStatus / removed accents in recordedBy / removed accents in identifiedBy","Colección","Jiménez, I","Jiménez, I."
"113","gallegos_s_2025_00113","PreservedSpecimen","Coleccion",NA,"LPB","SPECIES",NA,"Jimenez, I.","SG2025_IJ9397","Jimenez, I","E","gallegos_s_2025",2,"Elaphoglossum inaequalifolium",-16.3441666667,-67.4983333333,"2020-12-16","change1: Moved authorship from scientificName to scientificNameAuthorship | change2: Normalized/filled taxonRank without overwriting existing non-empty values | change3: Filled coordinateUncertaintyInMeters from decimal-place precision (conservative). | EpIG backbone match, accepted name update, and taxonomy fill [2026-03-28] | Filled missing scientificNameAuthorship from EpIG backbone [2026-04-14] | CoordinateCleaner QA applied without sea test (validity, equal, zeros, capitals, centroids, gbif, institutions) [2026-04-14]","removed accents in typeStatus / removed accents in recordedBy / removed accents in identifiedBy","Colección","Jiménez, I","Jiménez, I."
"114","gallegos_s_2025_00114","PreservedSpecimen","Coleccion",NA,"LPB","SPECIES",NA,"Jimenez, I.","SG2025_IJ9506","Jimenez, I","E","gallegos_s_2025",1,"Elaphoglossum miersii",-16.3108333333,-67.5491666667,"2021-03-18","change1: Moved authorship from scientificName to scientificNameAuthorship | change2: Normalized/filled taxonRank without overwriting existing non-empty values | change3: Filled coordinateUncertaintyInMeters from decimal-place precision (conservative). | EpIG backbone match, accepted name update, and taxonomy fill [2026-03-28] | Filled missing scientificNameAuthorship from EpIG backbone [2026-04-14] | CoordinateCleaner QA applied without sea test (validity, equal, zeros, capitals, centroids, gbif, institutions) [2026-04-14]","removed accents in typeStatus / removed accents in recordedBy / removed accents in identifiedBy","Colección","Jiménez, I","Jiménez, I."
"115","gallegos_s_2025_00115","PreservedSpecimen","Coleccion",NA,"LPB","SPECIES",NA,"Jimenez, I.","SG2025_IJ9508","Jimenez, I","E","gallegos_s_2025",1,"Asplenium tricholepis",-16.3108333333,-67.5491666667,"2021-03-18","change1: Moved authorship from scientificName to scientificNameAuthorship | change2: Normalized/filled taxonRank without overwriting existing non-empty values | change3: Filled coordinateUncertaintyInMeters from decimal-place precision (conservative). | EpIG backbone match, accepted name update, and taxonomy fill [2026-03-28] | Filled missing scientificNameAuthorship from EpIG backbone [2026-04-14] | CoordinateCleaner QA applied without sea test (validity, equal, zeros, capitals, centroids, gbif, institutions) [2026-04-14]","removed accents in typeStatus / removed accents in recordedBy / removed accents in identifiedBy","Colección","Jiménez, I","Jiménez, I."
"116","gallegos_s_2025_00116","PreservedSpecimen","Coleccion",NA,"LPB","SPECIES",NA,"Jimenez, I.","SG2025_IJ9512","Jimenez, I","E","gallegos_s_2025",1,"Phlebodium areolatum",-16.3108333333,-67.5491666667,"2021-03-19","change1: Moved authorship from scientificName to scientificNameAuthorship | change2: Normalized/filled taxonRank without overwriting existing non-empty values | change3: Filled coordinateUncertaintyInMeters from decimal-place precision (conservative). | EpIG backbone match, accepted name update, and taxonomy fill [2026-03-28] | Filled missing scientificNameAuthorship from EpIG backbone [2026-04-14] | CoordinateCleaner QA applied without sea test (validity, equal, zeros, capitals, centroids, gbif, institutions) [2026-04-14]","removed accents in typeStatus / removed accents in recordedBy / removed accents in identifiedBy","Colección","Jiménez, I","Jiménez, I."
"117","gallegos_s_2025_00117","PreservedSpecimen","Coleccion",NA,"LPB","SPECIES",NA,"Jimenez, I.","SG2025_IJ9513","Jimenez, I","E","gallegos_s_2025",1,"Campyloneurum anocarpos",-16.3108333333,-67.5491666667,"2021-03-19","change1: Moved authorship from scientificName to scientificNameAuthorship | change2: Normalized/filled taxonRank without overwriting existing non-empty values | change3: Filled coordinateUncertaintyInMeters from decimal-place precision (conservative). | EpIG backbone match, accepted name update, and taxonomy fill [2026-03-28] | Filled missing scientificNameAuthorship from EpIG backbone [2026-04-14] | CoordinateCleaner QA applied without sea test (validity, equal, zeros, capitals, centroids, gbif, institutions) [2026-04-14]","removed accents in typeStatus / removed accents in recordedBy / removed accents in identifiedBy","Colección","Jiménez, I","Jiménez, I."
"118","gallegos_s_2025_00118","PreservedSpecimen","Coleccion",NA,"LPB","SPECIES",NA,"Jimenez, I.","SG2025_IJ9528","Jimenez, I","E","gallegos_s_2025",2,"Elaphoglossum inaequalifolium",-16.3102777778,-67.5486111111,"2021-03-19","change1: Moved authorship from scientificName to scientificNameAuthorship | change2: Normalized/filled taxonRank without overwriting existing non-empty values | change3: Filled coordinateUncertaintyInMeters from decimal-place precision (conservative). | EpIG backbone match, accepted name update, and taxonomy fill [2026-03-28] | Filled missing scientificNameAuthorship from EpIG backbone [2026-04-14] | CoordinateCleaner QA applied without sea test (validity, equal, zeros, capitals, centroids, gbif, institutions) [2026-04-14]","removed accents in typeStatus / removed accents in recordedBy / removed accents in identifiedBy","Colección","Jiménez, I","Jiménez, I."
"119","gallegos_s_2025_00119","PreservedSpecimen","Coleccion",NA,"LPB","SPECIES",NA,"Jimenez, I.","SG2025_IJ9531","Jimenez, I","E","gallegos_s_2025",1,"Elaphoglossum papyraceum",-16.3108333333,-67.5491666667,"2021-03-19","change1: Reduced scientificName to binomial (infra markers removed from name) | change2: Normalized/filled taxonRank without overwriting existing non-empty values | change3: Filled coordinateUncertaintyInMeters from decimal-place precision (conservative). | EpIG backbone match, accepted name update, and taxonomy fill [2026-03-28] | Filled missing scientificNameAuthorship from EpIG backbone [2026-04-14] | CoordinateCleaner QA applied without sea test (validity, equal, zeros, capitals, centroids, gbif, institutions) [2026-04-14]","removed accents in typeStatus / removed accents in recordedBy / removed accents in identifiedBy","Colección","Jiménez, I","Jiménez, I."
"120","gallegos_s_2025_00120","PreservedSpecimen","Coleccion",NA,"LPB","SPECIES",NA,"Jimenez, I.","SG2025_IJ9545","Jimenez, I","E","gallegos_s_2025",1,"Elaphoglossum lechlerianum",-16.3125,-67.5502777778,"2021-03-20","change1: Moved authorship from scientificName to scientificNameAuthorship | change2: Normalized/filled taxonRank without overwriting existing non-empty values | change3: Filled coordinateUncertaintyInMeters from decimal-place precision (conservative). | EpIG backbone match, accepted name update, and taxonomy fill [2026-03-28] | Filled missing scientificNameAuthorship from EpIG backbone [2026-04-14] | CoordinateCleaner QA applied without sea test (validity, equal, zeros, capitals, centroids, gbif, institutions) [2026-04-14]","removed accents in typeStatus / removed accents in recordedBy / removed accents in identifiedBy","Colección","Jiménez, I","Jiménez, I."
"121","gallegos_s_2025_00121","PreservedSpecimen","Coleccion",NA,"LPB","SPECIES",NA,"Jimenez, I.","SG2025_IJ9559","Jimenez, I","E","gallegos_s_2025",1,"Elaphoglossum neei",-16.3488888889,-67.5016666667,"2021-03-23","change1: Moved authorship from scientificName to scientificNameAuthorship | change2: Normalized/filled taxonRank without overwriting existing non-empty values | change3: Filled coordinateUncertaintyInMeters from decimal-place precision (conservative). | EpIG backbone match, accepted name update, and taxonomy fill [2026-03-28] | Filled missing scientificNameAuthorship from EpIG backbone [2026-04-14] | CoordinateCleaner QA applied without sea test (validity, equal, zeros, capitals, centroids, gbif, institutions) [2026-04-14]","removed accents in typeStatus / removed accents in recordedBy / removed accents in identifiedBy","Colección","Jiménez, I","Jiménez, I."
"122","gallegos_s_2025_00122","PreservedSpecimen","Coleccion",NA,"LPB","SPECIES",NA,"Jimenez, I.","SG2025_IJ9561","Jimenez, I","E","gallegos_s_2025",1,"Elaphoglossum bellermannianum",-16.3488888889,-67.5016666667,"2021-03-23","change1: Moved authorship from scientificName to scientificNameAuthorship | change2: Normalized/filled taxonRank without overwriting existing non-empty values | change3: Filled coordinateUncertaintyInMeters from decimal-place precision (conservative). | EpIG backbone match, accepted name update, and taxonomy fill [2026-03-28] | Filled missing scientificNameAuthorship from EpIG backbone [2026-04-14] | CoordinateCleaner QA applied without sea test (validity, equal, zeros, capitals, centroids, gbif, institutions) [2026-04-14]","removed accents in typeStatus / removed accents in recordedBy / removed accents in identifiedBy","Colección","Jiménez, I","Jiménez, I."
"123","gallegos_s_2025_00123","PreservedSpecimen","Coleccion",NA,"LPB","SPECIES",NA,"Jimenez, I.","SG2025_IJ9562","Jimenez, I","E","gallegos_s_2025",2,"Elaphoglossum inaequalifolium",-16.3488888889,-67.5016666667,"2021-03-23","change1: Moved authorship from scientificName to scientificNameAuthorship | change2: Normalized/filled taxonRank without overwriting existing non-empty values | change3: Filled coordinateUncertaintyInMeters from decimal-place precision (conservative). | EpIG backbone match, accepted name update, and taxonomy fill [2026-03-28] | Filled missing scientificNameAuthorship from EpIG backbone [2026-04-14] | CoordinateCleaner QA applied without sea test (validity, equal, zeros, capitals, centroids, gbif, institutions) [2026-04-14]","removed accents in typeStatus / removed accents in recordedBy / removed accents in identifiedBy","Colección","Jiménez, I","Jiménez, I."
"124","gallegos_s_2025_00124","PreservedSpecimen","Coleccion",NA,"LPB","SPECIES",NA,"Jimenez, I.","SG2025_IJ9563","Jimenez, I","E","gallegos_s_2025",1,"Campyloneurum anocarpos",-16.3488888889,-67.5016666667,"2021-03-23","change1: Moved authorship from scientificName to scientificNameAuthorship | change2: Normalized/filled taxonRank without overwriting existing non-empty values | change3: Filled coordinateUncertaintyInMeters from decimal-place precision (conservative). | EpIG backbone match, accepted name update, and taxonomy fill [2026-03-28] | Filled missing scientificNameAuthorship from EpIG backbone [2026-04-14] | CoordinateCleaner QA applied without sea test (validity, equal, zeros, capitals, centroids, gbif, institutions) [2026-04-14]","removed accents in typeStatus / removed accents in recordedBy / removed accents in identifiedBy","Colección","Jiménez, I","Jiménez, I."
