"","occurrenceID","basisOfRecord","typeStatus","associatedReferences","institutionCode","taxonRank","collectionCode","recordedBy","recordNumber","identifiedBy","lifeForm","datasetID","matchCodeEpig","matchedNameEpig","decimalLatitude","decimalLongitude","eventDate","changes","discardReason","verbatimidentifiedBy"
"1","PETE2025_001","LivingSpecimen",NA,NA,NA,"SPECIES",NA,NA,NA,"Clemente-Arenas, E.R. | Quispe, E.","E","bertelmann_h_2025_PETE",1,"Campyloneurum densifolium",-13.096582,-71.630253,"2025-04-16","change1: Filled coordinateUncertaintyInMeters from decimal-place precision (conservative). | epi_taxo: acceptedName(match1); authorship_epig(match1); genus_from_scientificName; family_WFO; order_majorGroup_WCVP [2026-03-12] | CoordinateCleaner QA applied without sea test (validity, equal, zeros, capitals, centroids, gbif, institutions) [2026-03-29]","standardized author names in identifiedBy","Edith Rosario Clemente Arenas, Edison Quispe"
"2","PETE2025_002","LivingSpecimen",NA,NA,NA,"SPECIES",NA,NA,NA,"Clemente-Arenas, E.R. | Quispe, E.","E","bertelmann_h_2025_PETE",1,"Campyloneurum densifolium",-13.096582,-71.630253,"2025-04-16","change1: Filled coordinateUncertaintyInMeters from decimal-place precision (conservative). | epi_taxo: acceptedName(match1); authorship_epig(match1); genus_from_scientificName; family_WFO; order_majorGroup_WCVP [2026-03-12] | CoordinateCleaner QA applied without sea test (validity, equal, zeros, capitals, centroids, gbif, institutions) [2026-03-29]","standardized author names in identifiedBy","Edith Rosario Clemente Arenas, Edison Quispe"
"3","PETE2025_003","LivingSpecimen",NA,NA,NA,"SPECIES",NA,NA,NA,"Clemente-Arenas, E.R. | Quispe, E.","E","bertelmann_h_2025_PETE",1,"Campyloneurum densifolium",-13.096582,-71.630253,"2025-04-16","change1: Filled coordinateUncertaintyInMeters from decimal-place precision (conservative). | epi_taxo: acceptedName(match1); authorship_epig(match1); genus_from_scientificName; family_WFO; order_majorGroup_WCVP [2026-03-12] | CoordinateCleaner QA applied without sea test (validity, equal, zeros, capitals, centroids, gbif, institutions) [2026-03-29]","standardized author names in identifiedBy","Edith Rosario Clemente Arenas, Edison Quispe"
"4","PETE2025_004","LivingSpecimen",NA,NA,NA,"SPECIES",NA,NA,NA,"Clemente-Arenas, E.R. | Quispe, E.","E","bertelmann_h_2025_PETE",1,"Campyloneurum densifolium",-13.096582,-71.630253,"2025-04-16","change1: Filled coordinateUncertaintyInMeters from decimal-place precision (conservative). | epi_taxo: acceptedName(match1); authorship_epig(match1); genus_from_scientificName; family_WFO; order_majorGroup_WCVP [2026-03-12] | CoordinateCleaner QA applied without sea test (validity, equal, zeros, capitals, centroids, gbif, institutions) [2026-03-29]","standardized author names in identifiedBy","Edith Rosario Clemente Arenas, Edison Quispe"
"5","PETE2025_005","LivingSpecimen",NA,NA,NA,"SPECIES",NA,NA,NA,"Clemente-Arenas, E.R. | Quispe, E.","E","bertelmann_h_2025_PETE",1,"Campyloneurum densifolium",-13.096582,-71.630253,"2025-04-16","change1: Filled coordinateUncertaintyInMeters from decimal-place precision (conservative). | epi_taxo: acceptedName(match1); authorship_epig(match1); genus_from_scientificName; family_WFO; order_majorGroup_WCVP [2026-03-12] | CoordinateCleaner QA applied without sea test (validity, equal, zeros, capitals, centroids, gbif, institutions) [2026-03-29]","standardized author names in identifiedBy","Edith Rosario Clemente Arenas, Edison Quispe"
"6","PETE2025_006","LivingSpecimen",NA,NA,NA,"SPECIES",NA,NA,NA,"Clemente-Arenas, E.R. | Quispe, E.","E","bertelmann_h_2025_PETE",1,"Campyloneurum densifolium",-13.096639,-71.630328,"2025-04-16","change1: Filled coordinateUncertaintyInMeters from decimal-place precision (conservative). | epi_taxo: acceptedName(match1); authorship_epig(match1); genus_from_scientificName; family_WFO; order_majorGroup_WCVP [2026-03-12] | CoordinateCleaner QA applied without sea test (validity, equal, zeros, capitals, centroids, gbif, institutions) [2026-03-29]","standardized author names in identifiedBy","Edith Rosario Clemente Arenas, Edison Quispe"
"7","PETE2025_007","LivingSpecimen",NA,NA,NA,"SPECIES",NA,NA,NA,"Clemente-Arenas, E.R. | Quispe, E.","E","bertelmann_h_2025_PETE",1,"Campyloneurum densifolium",-13.096639,-71.630328,"2025-04-16","change1: Filled coordinateUncertaintyInMeters from decimal-place precision (conservative). | epi_taxo: acceptedName(match1); authorship_epig(match1); genus_from_scientificName; family_WFO; order_majorGroup_WCVP [2026-03-12] | CoordinateCleaner QA applied without sea test (validity, equal, zeros, capitals, centroids, gbif, institutions) [2026-03-29]","standardized author names in identifiedBy","Edith Rosario Clemente Arenas, Edison Quispe"
"8","PETE2025_008","LivingSpecimen",NA,NA,NA,"SPECIES",NA,NA,NA,"Clemente-Arenas, E.R. | Quispe, E.","E","bertelmann_h_2025_PETE",1,"Campyloneurum densifolium",-13.096639,-71.630328,"2025-04-16","change1: Filled coordinateUncertaintyInMeters from decimal-place precision (conservative). | epi_taxo: acceptedName(match1); authorship_epig(match1); genus_from_scientificName; family_WFO; order_majorGroup_WCVP [2026-03-12] | CoordinateCleaner QA applied without sea test (validity, equal, zeros, capitals, centroids, gbif, institutions) [2026-03-29]","standardized author names in identifiedBy","Edith Rosario Clemente Arenas, Edison Quispe"
"9","PETE2025_009","LivingSpecimen",NA,NA,NA,"SPECIES",NA,NA,NA,"Clemente-Arenas, E.R. | Quispe, E.","E","bertelmann_h_2025_PETE",1,"Campyloneurum densifolium",-13.096639,-71.630328,"2025-04-16","change1: Filled coordinateUncertaintyInMeters from decimal-place precision (conservative). | epi_taxo: acceptedName(match1); authorship_epig(match1); genus_from_scientificName; family_WFO; order_majorGroup_WCVP [2026-03-12] | CoordinateCleaner QA applied without sea test (validity, equal, zeros, capitals, centroids, gbif, institutions) [2026-03-29]","standardized author names in identifiedBy","Edith Rosario Clemente Arenas, Edison Quispe"
"10","PETE2025_010","LivingSpecimen",NA,NA,NA,"SPECIES",NA,NA,NA,"Clemente-Arenas, E.R. | Quispe, E.","E","bertelmann_h_2025_PETE",1,"Campyloneurum densifolium",-13.096639,-71.630328,"2025-04-16","change1: Filled coordinateUncertaintyInMeters from decimal-place precision (conservative). | epi_taxo: acceptedName(match1); authorship_epig(match1); genus_from_scientificName; family_WFO; order_majorGroup_WCVP [2026-03-12] | CoordinateCleaner QA applied without sea test (validity, equal, zeros, capitals, centroids, gbif, institutions) [2026-03-29]","standardized author names in identifiedBy","Edith Rosario Clemente Arenas, Edison Quispe"
"11","PETE2025_011","LivingSpecimen",NA,NA,NA,"SPECIES",NA,NA,NA,"Clemente-Arenas, E.R. | Quispe, E.","E","bertelmann_h_2025_PETE",1,"Campyloneurum densifolium",-13.0966799502664,-71.630343733381,"2025-04-17","change1: Filled coordinateUncertaintyInMeters from decimal-place precision (conservative). | epi_taxo: acceptedName(match1); authorship_epig(match1); genus_from_scientificName; family_WFO; order_majorGroup_WCVP [2026-03-12] | CoordinateCleaner QA applied without sea test (validity, equal, zeros, capitals, centroids, gbif, institutions) [2026-03-29]","standardized author names in identifiedBy","Edith Rosario Clemente Arenas, Edison Quispe"
"12","PETE2025_012","LivingSpecimen",NA,NA,NA,"SPECIES",NA,NA,NA,"Clemente-Arenas, E.R. | Quispe, E.","E","bertelmann_h_2025_PETE",1,"Campyloneurum densifolium",-13.0966799502664,-71.630343733381,"2025-04-17","change1: Filled coordinateUncertaintyInMeters from decimal-place precision (conservative). | epi_taxo: acceptedName(match1); authorship_epig(match1); genus_from_scientificName; family_WFO; order_majorGroup_WCVP [2026-03-12] | CoordinateCleaner QA applied without sea test (validity, equal, zeros, capitals, centroids, gbif, institutions) [2026-03-29]","standardized author names in identifiedBy","Edith Rosario Clemente Arenas, Edison Quispe"
"13","PETE2025_013","LivingSpecimen",NA,NA,NA,"SPECIES",NA,NA,NA,"Clemente-Arenas, E.R. | Quispe, E.","E","bertelmann_h_2025_PETE",1,"Campyloneurum densifolium",-13.0966799502664,-71.630343733381,"2025-04-17","change1: Filled coordinateUncertaintyInMeters from decimal-place precision (conservative). | epi_taxo: acceptedName(match1); authorship_epig(match1); genus_from_scientificName; family_WFO; order_majorGroup_WCVP [2026-03-12] | CoordinateCleaner QA applied without sea test (validity, equal, zeros, capitals, centroids, gbif, institutions) [2026-03-29]","standardized author names in identifiedBy","Edith Rosario Clemente Arenas, Edison Quispe"
"14","PETE2025_014","LivingSpecimen",NA,NA,NA,"SPECIES",NA,NA,NA,"Clemente-Arenas, E.R. | Quispe, E.","E","bertelmann_h_2025_PETE",1,"Campyloneurum densifolium",-13.0966799502664,-71.630343733381,"2025-04-17","change1: Filled coordinateUncertaintyInMeters from decimal-place precision (conservative). | epi_taxo: acceptedName(match1); authorship_epig(match1); genus_from_scientificName; family_WFO; order_majorGroup_WCVP [2026-03-12] | CoordinateCleaner QA applied without sea test (validity, equal, zeros, capitals, centroids, gbif, institutions) [2026-03-29]","standardized author names in identifiedBy","Edith Rosario Clemente Arenas, Edison Quispe"
"15","PETE2025_015","LivingSpecimen",NA,NA,NA,"SPECIES",NA,NA,NA,"Clemente-Arenas, E.R. | Quispe, E.","E","bertelmann_h_2025_PETE",1,"Campyloneurum densifolium",-13.0966799502664,-71.630343733381,"2025-04-17","change1: Filled coordinateUncertaintyInMeters from decimal-place precision (conservative). | epi_taxo: acceptedName(match1); authorship_epig(match1); genus_from_scientificName; family_WFO; order_majorGroup_WCVP [2026-03-12] | CoordinateCleaner QA applied without sea test (validity, equal, zeros, capitals, centroids, gbif, institutions) [2026-03-29]","standardized author names in identifiedBy","Edith Rosario Clemente Arenas, Edison Quispe"
"16","PETE2025_016","LivingSpecimen",NA,NA,NA,"SPECIES",NA,NA,NA,"Clemente-Arenas, E.R. | Quispe, E.","E","bertelmann_h_2025_PETE",1,"Campyloneurum densifolium",-13.0966279770461,-71.6304681515916,"2025-04-17","change1: Filled coordinateUncertaintyInMeters from decimal-place precision (conservative). | epi_taxo: acceptedName(match1); authorship_epig(match1); genus_from_scientificName; family_WFO; order_majorGroup_WCVP [2026-03-12] | CoordinateCleaner QA applied without sea test (validity, equal, zeros, capitals, centroids, gbif, institutions) [2026-03-29]","standardized author names in identifiedBy","Edith Rosario Clemente Arenas, Edison Quispe"
"17","PETE2025_017","LivingSpecimen",NA,NA,NA,"SPECIES",NA,NA,NA,"Clemente-Arenas, E.R. | Quispe, E.","E","bertelmann_h_2025_PETE",1,"Campyloneurum densifolium",-13.0966279770461,-71.6304681515916,"2025-04-17","change1: Filled coordinateUncertaintyInMeters from decimal-place precision (conservative). | epi_taxo: acceptedName(match1); authorship_epig(match1); genus_from_scientificName; family_WFO; order_majorGroup_WCVP [2026-03-12] | CoordinateCleaner QA applied without sea test (validity, equal, zeros, capitals, centroids, gbif, institutions) [2026-03-29]","standardized author names in identifiedBy","Edith Rosario Clemente Arenas, Edison Quispe"
"18","PETE2025_018","LivingSpecimen",NA,NA,NA,"SPECIES",NA,NA,NA,"Clemente-Arenas, E.R. | Quispe, E.","E","bertelmann_h_2025_PETE",1,"Campyloneurum densifolium",-13.0966279770461,-71.6304681515916,"2025-04-17","change1: Filled coordinateUncertaintyInMeters from decimal-place precision (conservative). | epi_taxo: acceptedName(match1); authorship_epig(match1); genus_from_scientificName; family_WFO; order_majorGroup_WCVP [2026-03-12] | CoordinateCleaner QA applied without sea test (validity, equal, zeros, capitals, centroids, gbif, institutions) [2026-03-29]","standardized author names in identifiedBy","Edith Rosario Clemente Arenas, Edison Quispe"
"19","PETE2025_019","LivingSpecimen",NA,NA,NA,"SPECIES",NA,NA,NA,"Clemente-Arenas, E.R. | Quispe, E.","E","bertelmann_h_2025_PETE",1,"Campyloneurum densifolium",-13.0966279770461,-71.6304681515916,"2025-04-17","change1: Filled coordinateUncertaintyInMeters from decimal-place precision (conservative). | epi_taxo: acceptedName(match1); authorship_epig(match1); genus_from_scientificName; family_WFO; order_majorGroup_WCVP [2026-03-12] | CoordinateCleaner QA applied without sea test (validity, equal, zeros, capitals, centroids, gbif, institutions) [2026-03-29]","standardized author names in identifiedBy","Edith Rosario Clemente Arenas, Edison Quispe"
"20","PETE2025_020","LivingSpecimen",NA,NA,NA,"SPECIES",NA,NA,NA,"Clemente-Arenas, E.R. | Quispe, E.","E","bertelmann_h_2025_PETE",1,"Campyloneurum densifolium",-13.0966279770461,-71.6304681515916,"2025-04-17","change1: Filled coordinateUncertaintyInMeters from decimal-place precision (conservative). | epi_taxo: acceptedName(match1); authorship_epig(match1); genus_from_scientificName; family_WFO; order_majorGroup_WCVP [2026-03-12] | CoordinateCleaner QA applied without sea test (validity, equal, zeros, capitals, centroids, gbif, institutions) [2026-03-29]","standardized author names in identifiedBy","Edith Rosario Clemente Arenas, Edison Quispe"
"21","PETE2025_021","LivingSpecimen",NA,NA,NA,"GENUS",NA,NA,NA,"Clemente-Arenas, E.R. | Quispe, E.","E","bertelmann_h_2025_PETE",NA,"",-13.096499,-71.630288,"2025-04-17","change1: Filled coordinateUncertaintyInMeters from decimal-place precision (conservative). | epi_taxo: acceptedName(match1); authorship_epig(match1); genus_from_scientificName; family_WFO; order_majorGroup_WCVP [2026-03-12] | CoordinateCleaner QA applied without sea test (validity, equal, zeros, capitals, centroids, gbif, institutions) [2026-03-29]","standardized author names in identifiedBy","Edith Rosario Clemente Arenas, Edison Quispe"
"22","PETE2025_022","LivingSpecimen",NA,NA,NA,"GENUS",NA,NA,NA,"Clemente-Arenas, E.R. | Quispe, E.","E","bertelmann_h_2025_PETE",NA,"",-13.096499,-71.630288,"2025-04-17","change1: Filled coordinateUncertaintyInMeters from decimal-place precision (conservative). | epi_taxo: acceptedName(match1); authorship_epig(match1); genus_from_scientificName; family_WFO; order_majorGroup_WCVP [2026-03-12] | CoordinateCleaner QA applied without sea test (validity, equal, zeros, capitals, centroids, gbif, institutions) [2026-03-29]","standardized author names in identifiedBy","Edith Rosario Clemente Arenas, Edison Quispe"
"23","PETE2025_023","LivingSpecimen",NA,NA,NA,"GENUS",NA,NA,NA,"Clemente-Arenas, E.R. | Quispe, E.","E","bertelmann_h_2025_PETE",NA,"",-13.096499,-71.630288,"2025-04-17","change1: Filled coordinateUncertaintyInMeters from decimal-place precision (conservative). | epi_taxo: acceptedName(match1); authorship_epig(match1); genus_from_scientificName; family_WFO; order_majorGroup_WCVP [2026-03-12] | CoordinateCleaner QA applied without sea test (validity, equal, zeros, capitals, centroids, gbif, institutions) [2026-03-29]","standardized author names in identifiedBy","Edith Rosario Clemente Arenas, Edison Quispe"
"24","PETE2025_024","LivingSpecimen",NA,NA,NA,"GENUS",NA,NA,NA,"Clemente-Arenas, E.R. | Quispe, E.","E","bertelmann_h_2025_PETE",NA,"",-13.096499,-71.630288,"2025-04-17","change1: Filled coordinateUncertaintyInMeters from decimal-place precision (conservative). | epi_taxo: acceptedName(match1); authorship_epig(match1); genus_from_scientificName; family_WFO; order_majorGroup_WCVP [2026-03-12] | CoordinateCleaner QA applied without sea test (validity, equal, zeros, capitals, centroids, gbif, institutions) [2026-03-29]","standardized author names in identifiedBy","Edith Rosario Clemente Arenas, Edison Quispe"
"25","PETE2025_025","LivingSpecimen",NA,NA,NA,"GENUS",NA,NA,NA,"Clemente-Arenas, E.R. | Quispe, E.","E","bertelmann_h_2025_PETE",NA,"",-13.096499,-71.630288,"2025-04-17","change1: Filled coordinateUncertaintyInMeters from decimal-place precision (conservative). | epi_taxo: acceptedName(match1); authorship_epig(match1); genus_from_scientificName; family_WFO; order_majorGroup_WCVP [2026-03-12] | CoordinateCleaner QA applied without sea test (validity, equal, zeros, capitals, centroids, gbif, institutions) [2026-03-29]","standardized author names in identifiedBy","Edith Rosario Clemente Arenas, Edison Quispe"
"26","PETE2025_026","LivingSpecimen",NA,NA,NA,"GENUS",NA,NA,NA,"Clemente-Arenas, E.R. | Quispe, E.","E","bertelmann_h_2025_PETE",NA,"",-13.09655,-71.63034,"2025-04-17","change1: Filled coordinateUncertaintyInMeters from decimal-place precision (conservative). | epi_taxo: acceptedName(match1); authorship_epig(match1); genus_from_scientificName; family_WFO; order_majorGroup_WCVP [2026-03-12] | CoordinateCleaner QA applied without sea test (validity, equal, zeros, capitals, centroids, gbif, institutions) [2026-03-29]","standardized author names in identifiedBy","Edith Rosario Clemente Arenas, Edison Quispe"
"27","PETE2025_027","LivingSpecimen",NA,NA,NA,"GENUS",NA,NA,NA,"Clemente-Arenas, E.R. | Quispe, E.","E","bertelmann_h_2025_PETE",NA,"",-13.09655,-71.63034,"2025-04-17","change1: Filled coordinateUncertaintyInMeters from decimal-place precision (conservative). | epi_taxo: acceptedName(match1); authorship_epig(match1); genus_from_scientificName; family_WFO; order_majorGroup_WCVP [2026-03-12] | CoordinateCleaner QA applied without sea test (validity, equal, zeros, capitals, centroids, gbif, institutions) [2026-03-29]","standardized author names in identifiedBy","Edith Rosario Clemente Arenas, Edison Quispe"
"28","PETE2025_028","LivingSpecimen",NA,NA,NA,"GENUS",NA,NA,NA,"Clemente-Arenas, E.R. | Quispe, E.","E","bertelmann_h_2025_PETE",NA,"",-13.09655,-71.63034,"2025-04-17","change1: Filled coordinateUncertaintyInMeters from decimal-place precision (conservative). | epi_taxo: acceptedName(match1); authorship_epig(match1); genus_from_scientificName; family_WFO; order_majorGroup_WCVP [2026-03-12] | CoordinateCleaner QA applied without sea test (validity, equal, zeros, capitals, centroids, gbif, institutions) [2026-03-29]","standardized author names in identifiedBy","Edith Rosario Clemente Arenas, Edison Quispe"
"29","PETE2025_029","LivingSpecimen",NA,NA,NA,"GENUS",NA,NA,NA,"Clemente-Arenas, E.R. | Quispe, E.","E","bertelmann_h_2025_PETE",NA,"",-13.09655,-71.63034,"2025-04-17","change1: Filled coordinateUncertaintyInMeters from decimal-place precision (conservative). | epi_taxo: acceptedName(match1); authorship_epig(match1); genus_from_scientificName; family_WFO; order_majorGroup_WCVP [2026-03-12] | CoordinateCleaner QA applied without sea test (validity, equal, zeros, capitals, centroids, gbif, institutions) [2026-03-29]","standardized author names in identifiedBy","Edith Rosario Clemente Arenas, Edison Quispe"
"30","PETE2025_030","LivingSpecimen",NA,NA,NA,"GENUS",NA,NA,NA,"Clemente-Arenas, E.R. | Quispe, E.","E","bertelmann_h_2025_PETE",NA,"",-13.09655,-71.63034,"2025-04-17","change1: Filled coordinateUncertaintyInMeters from decimal-place precision (conservative). | epi_taxo: acceptedName(match1); authorship_epig(match1); genus_from_scientificName; family_WFO; order_majorGroup_WCVP [2026-03-12] | CoordinateCleaner QA applied without sea test (validity, equal, zeros, capitals, centroids, gbif, institutions) [2026-03-29]","standardized author names in identifiedBy","Edith Rosario Clemente Arenas, Edison Quispe"
"31","PETE2025_031","LivingSpecimen",NA,NA,NA,"GENUS",NA,NA,NA,"Clemente-Arenas, E.R. | Quispe, E.","E","bertelmann_h_2025_PETE",NA,"",-13.0966152671982,-71.6302107754581,"2025-04-17","change1: Filled coordinateUncertaintyInMeters from decimal-place precision (conservative). | epi_taxo: acceptedName(match1); authorship_epig(match1); genus_from_scientificName; family_WFO; order_majorGroup_WCVP [2026-03-12] | CoordinateCleaner QA applied without sea test (validity, equal, zeros, capitals, centroids, gbif, institutions) [2026-03-29]","standardized author names in identifiedBy","Edith Rosario Clemente Arenas, Edison Quispe"
"32","PETE2025_032","LivingSpecimen",NA,NA,NA,"GENUS",NA,NA,NA,"Clemente-Arenas, E.R. | Quispe, E.","E","bertelmann_h_2025_PETE",NA,"",-13.0966152671982,-71.6302107754581,"2025-04-17","change1: Filled coordinateUncertaintyInMeters from decimal-place precision (conservative). | epi_taxo: acceptedName(match1); authorship_epig(match1); genus_from_scientificName; family_WFO; order_majorGroup_WCVP [2026-03-12] | CoordinateCleaner QA applied without sea test (validity, equal, zeros, capitals, centroids, gbif, institutions) [2026-03-29]","standardized author names in identifiedBy","Edith Rosario Clemente Arenas, Edison Quispe"
"33","PETE2025_033","LivingSpecimen",NA,NA,NA,"GENUS",NA,NA,NA,"Clemente-Arenas, E.R. | Quispe, E.","E","bertelmann_h_2025_PETE",NA,"",-13.0966152671982,-71.6302107754581,"2025-04-17","change1: Filled coordinateUncertaintyInMeters from decimal-place precision (conservative). | epi_taxo: acceptedName(match1); authorship_epig(match1); genus_from_scientificName; family_WFO; order_majorGroup_WCVP [2026-03-12] | CoordinateCleaner QA applied without sea test (validity, equal, zeros, capitals, centroids, gbif, institutions) [2026-03-29]","standardized author names in identifiedBy","Edith Rosario Clemente Arenas, Edison Quispe"
"34","PETE2025_034","LivingSpecimen",NA,NA,NA,"GENUS",NA,NA,NA,"Clemente-Arenas, E.R. | Quispe, E.","E","bertelmann_h_2025_PETE",NA,"",-13.0966152671982,-71.6302107754581,"2025-04-17","change1: Filled coordinateUncertaintyInMeters from decimal-place precision (conservative). | epi_taxo: acceptedName(match1); authorship_epig(match1); genus_from_scientificName; family_WFO; order_majorGroup_WCVP [2026-03-12] | CoordinateCleaner QA applied without sea test (validity, equal, zeros, capitals, centroids, gbif, institutions) [2026-03-29]","standardized author names in identifiedBy","Edith Rosario Clemente Arenas, Edison Quispe"
"35","PETE2025_035","LivingSpecimen",NA,NA,NA,"GENUS",NA,NA,NA,"Clemente-Arenas, E.R. | Quispe, E.","E","bertelmann_h_2025_PETE",NA,"",-13.0966152671982,-71.6302107754581,"2025-04-17","change1: Filled coordinateUncertaintyInMeters from decimal-place precision (conservative). | epi_taxo: acceptedName(match1); authorship_epig(match1); genus_from_scientificName; family_WFO; order_majorGroup_WCVP [2026-03-12] | CoordinateCleaner QA applied without sea test (validity, equal, zeros, capitals, centroids, gbif, institutions) [2026-03-29]","standardized author names in identifiedBy","Edith Rosario Clemente Arenas, Edison Quispe"
"36","PETE2025_036","LivingSpecimen",NA,NA,NA,"GENUS",NA,NA,NA,"Clemente-Arenas, E.R. | Quispe, E.","E","bertelmann_h_2025_PETE",NA,"",-13.0966934577877,-71.6303942848963,"2025-04-17","change1: Filled coordinateUncertaintyInMeters from decimal-place precision (conservative). | epi_taxo: acceptedName(match1); authorship_epig(match1); genus_from_scientificName; family_WFO; order_majorGroup_WCVP [2026-03-12] | CoordinateCleaner QA applied without sea test (validity, equal, zeros, capitals, centroids, gbif, institutions) [2026-03-29]","standardized author names in identifiedBy","Edith Rosario Clemente Arenas, Edison Quispe"
"37","PETE2025_037","LivingSpecimen",NA,NA,NA,"GENUS",NA,NA,NA,"Clemente-Arenas, E.R. | Quispe, E.","E","bertelmann_h_2025_PETE",NA,"",-13.0966934577877,-71.6303942848963,"2025-04-17","change1: Filled coordinateUncertaintyInMeters from decimal-place precision (conservative). | epi_taxo: acceptedName(match1); authorship_epig(match1); genus_from_scientificName; family_WFO; order_majorGroup_WCVP [2026-03-12] | CoordinateCleaner QA applied without sea test (validity, equal, zeros, capitals, centroids, gbif, institutions) [2026-03-29]","standardized author names in identifiedBy","Edith Rosario Clemente Arenas, Edison Quispe"
"38","PETE2025_038","LivingSpecimen",NA,NA,NA,"GENUS",NA,NA,NA,"Clemente-Arenas, E.R. | Quispe, E.","E","bertelmann_h_2025_PETE",NA,"",-13.0966934577877,-71.6303942848963,"2025-04-17","change1: Filled coordinateUncertaintyInMeters from decimal-place precision (conservative). | epi_taxo: acceptedName(match1); authorship_epig(match1); genus_from_scientificName; family_WFO; order_majorGroup_WCVP [2026-03-12] | CoordinateCleaner QA applied without sea test (validity, equal, zeros, capitals, centroids, gbif, institutions) [2026-03-29]","standardized author names in identifiedBy","Edith Rosario Clemente Arenas, Edison Quispe"
"39","PETE2025_039","LivingSpecimen",NA,NA,NA,"GENUS",NA,NA,NA,"Clemente-Arenas, E.R. | Quispe, E.","E","bertelmann_h_2025_PETE",NA,"",-13.0966934577877,-71.6303942848963,"2025-04-17","change1: Filled coordinateUncertaintyInMeters from decimal-place precision (conservative). | epi_taxo: acceptedName(match1); authorship_epig(match1); genus_from_scientificName; family_WFO; order_majorGroup_WCVP [2026-03-12] | CoordinateCleaner QA applied without sea test (validity, equal, zeros, capitals, centroids, gbif, institutions) [2026-03-29]","standardized author names in identifiedBy","Edith Rosario Clemente Arenas, Edison Quispe"
"40","PETE2025_040","LivingSpecimen",NA,NA,NA,"GENUS",NA,NA,NA,"Clemente-Arenas, E.R. | Quispe, E.","E","bertelmann_h_2025_PETE",NA,"",-13.0966934577877,-71.6303942848963,"2025-04-17","change1: Filled coordinateUncertaintyInMeters from decimal-place precision (conservative). | epi_taxo: acceptedName(match1); authorship_epig(match1); genus_from_scientificName; family_WFO; order_majorGroup_WCVP [2026-03-12] | CoordinateCleaner QA applied without sea test (validity, equal, zeros, capitals, centroids, gbif, institutions) [2026-03-29]","standardized author names in identifiedBy","Edith Rosario Clemente Arenas, Edison Quispe"
"41","PETE2025_041","LivingSpecimen",NA,NA,NA,"SPECIES",NA,NA,NA,"Clemente-Arenas, E.R. | Quispe, E.","E","bertelmann_h_2025_PETE",3,"Demosthenesia mandonii",-13.096553,-71.630156,"2025-04-18","change1: Filled coordinateUncertaintyInMeters from decimal-place precision (conservative). | epi_taxo: acceptedName(match1); authorship_epig(match1); genus_from_scientificName; family_WFO; order_majorGroup_WCVP [2026-03-12] | CoordinateCleaner QA applied without sea test (validity, equal, zeros, capitals, centroids, gbif, institutions) [2026-03-29]","standardized author names in identifiedBy","Edith Rosario Clemente Arenas, Edison Quispe"
"42","PETE2025_042","LivingSpecimen",NA,NA,NA,"SPECIES",NA,NA,NA,"Clemente-Arenas, E.R. | Quispe, E.","E","bertelmann_h_2025_PETE",3,"Demosthenesia mandonii",-13.096553,-71.630156,"2025-04-18","change1: Filled coordinateUncertaintyInMeters from decimal-place precision (conservative). | epi_taxo: acceptedName(match1); authorship_epig(match1); genus_from_scientificName; family_WFO; order_majorGroup_WCVP [2026-03-12] | CoordinateCleaner QA applied without sea test (validity, equal, zeros, capitals, centroids, gbif, institutions) [2026-03-29]","standardized author names in identifiedBy","Edith Rosario Clemente Arenas, Edison Quispe"
"43","PETE2025_043","LivingSpecimen",NA,NA,NA,"SPECIES",NA,NA,NA,"Clemente-Arenas, E.R. | Quispe, E.","E","bertelmann_h_2025_PETE",3,"Demosthenesia mandonii",-13.096553,-71.630156,"2025-04-18","change1: Filled coordinateUncertaintyInMeters from decimal-place precision (conservative). | epi_taxo: acceptedName(match1); authorship_epig(match1); genus_from_scientificName; family_WFO; order_majorGroup_WCVP [2026-03-12] | CoordinateCleaner QA applied without sea test (validity, equal, zeros, capitals, centroids, gbif, institutions) [2026-03-29]","standardized author names in identifiedBy","Edith Rosario Clemente Arenas, Edison Quispe"
"44","PETE2025_044","LivingSpecimen",NA,NA,NA,"SPECIES",NA,NA,NA,"Clemente-Arenas, E.R. | Quispe, E.","E","bertelmann_h_2025_PETE",3,"Demosthenesia mandonii",-13.096553,-71.630156,"2025-04-18","change1: Filled coordinateUncertaintyInMeters from decimal-place precision (conservative). | epi_taxo: acceptedName(match1); authorship_epig(match1); genus_from_scientificName; family_WFO; order_majorGroup_WCVP [2026-03-12] | CoordinateCleaner QA applied without sea test (validity, equal, zeros, capitals, centroids, gbif, institutions) [2026-03-29]","standardized author names in identifiedBy","Edith Rosario Clemente Arenas, Edison Quispe"
"45","PETE2025_045","LivingSpecimen",NA,NA,NA,"SPECIES",NA,NA,NA,"Clemente-Arenas, E.R. | Quispe, E.","E","bertelmann_h_2025_PETE",3,"Demosthenesia mandonii",-13.096553,-71.630156,"2025-04-18","change1: Filled coordinateUncertaintyInMeters from decimal-place precision (conservative). | epi_taxo: acceptedName(match1); authorship_epig(match1); genus_from_scientificName; family_WFO; order_majorGroup_WCVP [2026-03-12] | CoordinateCleaner QA applied without sea test (validity, equal, zeros, capitals, centroids, gbif, institutions) [2026-03-29]","standardized author names in identifiedBy","Edith Rosario Clemente Arenas, Edison Quispe"
"46","PETE2025_046","LivingSpecimen",NA,NA,NA,"SPECIES",NA,NA,NA,"Clemente-Arenas, E.R. | Quispe, E.","E","bertelmann_h_2025_PETE",3,"Demosthenesia mandonii",-13.0966069813156,-71.6302829927772,"2025-04-18","change1: Filled coordinateUncertaintyInMeters from decimal-place precision (conservative). | epi_taxo: acceptedName(match1); authorship_epig(match1); genus_from_scientificName; family_WFO; order_majorGroup_WCVP [2026-03-12] | CoordinateCleaner QA applied without sea test (validity, equal, zeros, capitals, centroids, gbif, institutions) [2026-03-29]","standardized author names in identifiedBy","Edith Rosario Clemente Arenas, Edison Quispe"
"47","PETE2025_047","LivingSpecimen",NA,NA,NA,"SPECIES",NA,NA,NA,"Clemente-Arenas, E.R. | Quispe, E.","E","bertelmann_h_2025_PETE",3,"Demosthenesia mandonii",-13.0966069813156,-71.6302829927772,"2025-04-18","change1: Filled coordinateUncertaintyInMeters from decimal-place precision (conservative). | epi_taxo: acceptedName(match1); authorship_epig(match1); genus_from_scientificName; family_WFO; order_majorGroup_WCVP [2026-03-12] | CoordinateCleaner QA applied without sea test (validity, equal, zeros, capitals, centroids, gbif, institutions) [2026-03-29]","standardized author names in identifiedBy","Edith Rosario Clemente Arenas, Edison Quispe"
"48","PETE2025_048","LivingSpecimen",NA,NA,NA,"SPECIES",NA,NA,NA,"Clemente-Arenas, E.R. | Quispe, E.","E","bertelmann_h_2025_PETE",3,"Demosthenesia mandonii",-13.0966069813156,-71.6302829927772,"2025-04-18","change1: Filled coordinateUncertaintyInMeters from decimal-place precision (conservative). | epi_taxo: acceptedName(match1); authorship_epig(match1); genus_from_scientificName; family_WFO; order_majorGroup_WCVP [2026-03-12] | CoordinateCleaner QA applied without sea test (validity, equal, zeros, capitals, centroids, gbif, institutions) [2026-03-29]","standardized author names in identifiedBy","Edith Rosario Clemente Arenas, Edison Quispe"
"49","PETE2025_049","LivingSpecimen",NA,NA,NA,"SPECIES",NA,NA,NA,"Clemente-Arenas, E.R. | Quispe, E.","E","bertelmann_h_2025_PETE",3,"Demosthenesia mandonii",-13.0966069813156,-71.6302829927772,"2025-04-18","change1: Filled coordinateUncertaintyInMeters from decimal-place precision (conservative). | epi_taxo: acceptedName(match1); authorship_epig(match1); genus_from_scientificName; family_WFO; order_majorGroup_WCVP [2026-03-12] | CoordinateCleaner QA applied without sea test (validity, equal, zeros, capitals, centroids, gbif, institutions) [2026-03-29]","standardized author names in identifiedBy","Edith Rosario Clemente Arenas, Edison Quispe"
"50","PETE2025_050","LivingSpecimen",NA,NA,NA,"SPECIES",NA,NA,NA,"Clemente-Arenas, E.R. | Quispe, E.","E","bertelmann_h_2025_PETE",3,"Demosthenesia mandonii",-13.0966069813156,-71.6302829927772,"2025-04-18","change1: Filled coordinateUncertaintyInMeters from decimal-place precision (conservative). | epi_taxo: acceptedName(match1); authorship_epig(match1); genus_from_scientificName; family_WFO; order_majorGroup_WCVP [2026-03-12] | CoordinateCleaner QA applied without sea test (validity, equal, zeros, capitals, centroids, gbif, institutions) [2026-03-29]","standardized author names in identifiedBy","Edith Rosario Clemente Arenas, Edison Quispe"
"51","PETE2025_051","LivingSpecimen",NA,NA,NA,"SPECIES",NA,NA,NA,"Clemente-Arenas, E.R. | Quispe, E.","E","bertelmann_h_2025_PETE",3,"Demosthenesia mandonii",-13.0966210758718,-71.6300793615844,"2025-04-18","change1: Filled coordinateUncertaintyInMeters from decimal-place precision (conservative). | epi_taxo: acceptedName(match1); authorship_epig(match1); genus_from_scientificName; family_WFO; order_majorGroup_WCVP [2026-03-12] | CoordinateCleaner QA applied without sea test (validity, equal, zeros, capitals, centroids, gbif, institutions) [2026-03-29]","standardized author names in identifiedBy","Edith Rosario Clemente Arenas, Edison Quispe"
"52","PETE2025_052","LivingSpecimen",NA,NA,NA,"SPECIES",NA,NA,NA,"Clemente-Arenas, E.R. | Quispe, E.","E","bertelmann_h_2025_PETE",3,"Demosthenesia mandonii",-13.0966210758718,-71.6300793615844,"2025-04-18","change1: Filled coordinateUncertaintyInMeters from decimal-place precision (conservative). | epi_taxo: acceptedName(match1); authorship_epig(match1); genus_from_scientificName; family_WFO; order_majorGroup_WCVP [2026-03-12] | CoordinateCleaner QA applied without sea test (validity, equal, zeros, capitals, centroids, gbif, institutions) [2026-03-29]","standardized author names in identifiedBy","Edith Rosario Clemente Arenas, Edison Quispe"
"53","PETE2025_053","LivingSpecimen",NA,NA,NA,"SPECIES",NA,NA,NA,"Clemente-Arenas, E.R. | Quispe, E.","E","bertelmann_h_2025_PETE",3,"Demosthenesia mandonii",-13.0966210758718,-71.6300793615844,"2025-04-18","change1: Filled coordinateUncertaintyInMeters from decimal-place precision (conservative). | epi_taxo: acceptedName(match1); authorship_epig(match1); genus_from_scientificName; family_WFO; order_majorGroup_WCVP [2026-03-12] | CoordinateCleaner QA applied without sea test (validity, equal, zeros, capitals, centroids, gbif, institutions) [2026-03-29]","standardized author names in identifiedBy","Edith Rosario Clemente Arenas, Edison Quispe"
"54","PETE2025_054","LivingSpecimen",NA,NA,NA,"SPECIES",NA,NA,NA,"Clemente-Arenas, E.R. | Quispe, E.","E","bertelmann_h_2025_PETE",3,"Demosthenesia mandonii",-13.0966210758718,-71.6300793615844,"2025-04-18","change1: Filled coordinateUncertaintyInMeters from decimal-place precision (conservative). | epi_taxo: acceptedName(match1); authorship_epig(match1); genus_from_scientificName; family_WFO; order_majorGroup_WCVP [2026-03-12] | CoordinateCleaner QA applied without sea test (validity, equal, zeros, capitals, centroids, gbif, institutions) [2026-03-29]","standardized author names in identifiedBy","Edith Rosario Clemente Arenas, Edison Quispe"
"55","PETE2025_055","LivingSpecimen",NA,NA,NA,"SPECIES",NA,NA,NA,"Clemente-Arenas, E.R. | Quispe, E.","E","bertelmann_h_2025_PETE",3,"Demosthenesia mandonii",-13.0966210758718,-71.6300793615844,"2025-04-18","change1: Filled coordinateUncertaintyInMeters from decimal-place precision (conservative). | epi_taxo: acceptedName(match1); authorship_epig(match1); genus_from_scientificName; family_WFO; order_majorGroup_WCVP [2026-03-12] | CoordinateCleaner QA applied without sea test (validity, equal, zeros, capitals, centroids, gbif, institutions) [2026-03-29]","standardized author names in identifiedBy","Edith Rosario Clemente Arenas, Edison Quispe"
"56","PETE2025_056","LivingSpecimen",NA,NA,NA,"SPECIES",NA,NA,NA,"Clemente-Arenas, E.R. | Quispe, E.","E","bertelmann_h_2025_PETE",3,"Demosthenesia mandonii",-13.0965852786046,-71.6301280854689,"2025-04-18","change1: Filled coordinateUncertaintyInMeters from decimal-place precision (conservative). | epi_taxo: acceptedName(match1); authorship_epig(match1); genus_from_scientificName; family_WFO; order_majorGroup_WCVP [2026-03-12] | CoordinateCleaner QA applied without sea test (validity, equal, zeros, capitals, centroids, gbif, institutions) [2026-03-29]","standardized author names in identifiedBy","Edith Rosario Clemente Arenas, Edison Quispe"
"57","PETE2025_057","LivingSpecimen",NA,NA,NA,"SPECIES",NA,NA,NA,"Clemente-Arenas, E.R. | Quispe, E.","E","bertelmann_h_2025_PETE",3,"Demosthenesia mandonii",-13.0965852786046,-71.6301280854689,"2025-04-18","change1: Filled coordinateUncertaintyInMeters from decimal-place precision (conservative). | epi_taxo: acceptedName(match1); authorship_epig(match1); genus_from_scientificName; family_WFO; order_majorGroup_WCVP [2026-03-12] | CoordinateCleaner QA applied without sea test (validity, equal, zeros, capitals, centroids, gbif, institutions) [2026-03-29]","standardized author names in identifiedBy","Edith Rosario Clemente Arenas, Edison Quispe"
"58","PETE2025_058","LivingSpecimen",NA,NA,NA,"SPECIES",NA,NA,NA,"Clemente-Arenas, E.R. | Quispe, E.","E","bertelmann_h_2025_PETE",3,"Demosthenesia mandonii",-13.0965852786046,-71.6301280854689,"2025-04-18","change1: Filled coordinateUncertaintyInMeters from decimal-place precision (conservative). | epi_taxo: acceptedName(match1); authorship_epig(match1); genus_from_scientificName; family_WFO; order_majorGroup_WCVP [2026-03-12] | CoordinateCleaner QA applied without sea test (validity, equal, zeros, capitals, centroids, gbif, institutions) [2026-03-29]","standardized author names in identifiedBy","Edith Rosario Clemente Arenas, Edison Quispe"
"59","PETE2025_059","LivingSpecimen",NA,NA,NA,"SPECIES",NA,NA,NA,"Clemente-Arenas, E.R. | Quispe, E.","E","bertelmann_h_2025_PETE",3,"Demosthenesia mandonii",-13.0965852786046,-71.6301280854689,"2025-04-18","change1: Filled coordinateUncertaintyInMeters from decimal-place precision (conservative). | epi_taxo: acceptedName(match1); authorship_epig(match1); genus_from_scientificName; family_WFO; order_majorGroup_WCVP [2026-03-12] | CoordinateCleaner QA applied without sea test (validity, equal, zeros, capitals, centroids, gbif, institutions) [2026-03-29]","standardized author names in identifiedBy","Edith Rosario Clemente Arenas, Edison Quispe"
"60","PETE2025_060","LivingSpecimen",NA,NA,NA,"SPECIES",NA,NA,NA,"Clemente-Arenas, E.R. | Quispe, E.","E","bertelmann_h_2025_PETE",3,"Demosthenesia mandonii",-13.0965852786046,-71.6301280854689,"2025-04-18","change1: Filled coordinateUncertaintyInMeters from decimal-place precision (conservative). | epi_taxo: acceptedName(match1); authorship_epig(match1); genus_from_scientificName; family_WFO; order_majorGroup_WCVP [2026-03-12] | CoordinateCleaner QA applied without sea test (validity, equal, zeros, capitals, centroids, gbif, institutions) [2026-03-29]","standardized author names in identifiedBy","Edith Rosario Clemente Arenas, Edison Quispe"
"61","PETE2025_061","LivingSpecimen",NA,NA,NA,"SPECIES",NA,NA,NA,"Clemente-Arenas, E.R. | Quispe, E.","E","bertelmann_h_2025_PETE",1,"Grammitis moniliformis",-13.096405,-71.629874,"2025-04-18","change1: Filled coordinateUncertaintyInMeters from decimal-place precision (conservative). | epi_taxo: acceptedName(match1); authorship_epig(match1); genus_from_scientificName; family_WFO; order_majorGroup_WCVP [2026-03-12] | CoordinateCleaner QA applied without sea test (validity, equal, zeros, capitals, centroids, gbif, institutions) [2026-03-29]","standardized author names in identifiedBy","Edith Rosario Clemente Arenas, Edison Quispe"
"62","PETE2025_062","LivingSpecimen",NA,NA,NA,"SPECIES",NA,NA,NA,"Clemente-Arenas, E.R. | Quispe, E.","E","bertelmann_h_2025_PETE",1,"Grammitis moniliformis",-13.096405,-71.629874,"2025-04-18","change1: Filled coordinateUncertaintyInMeters from decimal-place precision (conservative). | epi_taxo: acceptedName(match1); authorship_epig(match1); genus_from_scientificName; family_WFO; order_majorGroup_WCVP [2026-03-12] | CoordinateCleaner QA applied without sea test (validity, equal, zeros, capitals, centroids, gbif, institutions) [2026-03-29]","standardized author names in identifiedBy","Edith Rosario Clemente Arenas, Edison Quispe"
"63","PETE2025_063","LivingSpecimen",NA,NA,NA,"SPECIES",NA,NA,NA,"Clemente-Arenas, E.R. | Quispe, E.","E","bertelmann_h_2025_PETE",1,"Grammitis moniliformis",-13.096405,-71.629874,"2025-04-18","change1: Filled coordinateUncertaintyInMeters from decimal-place precision (conservative). | epi_taxo: acceptedName(match1); authorship_epig(match1); genus_from_scientificName; family_WFO; order_majorGroup_WCVP [2026-03-12] | CoordinateCleaner QA applied without sea test (validity, equal, zeros, capitals, centroids, gbif, institutions) [2026-03-29]","standardized author names in identifiedBy","Edith Rosario Clemente Arenas, Edison Quispe"
"64","PETE2025_064","LivingSpecimen",NA,NA,NA,"SPECIES",NA,NA,NA,"Clemente-Arenas, E.R. | Quispe, E.","E","bertelmann_h_2025_PETE",1,"Grammitis moniliformis",-13.096405,-71.629874,"2025-04-18","change1: Filled coordinateUncertaintyInMeters from decimal-place precision (conservative). | epi_taxo: acceptedName(match1); authorship_epig(match1); genus_from_scientificName; family_WFO; order_majorGroup_WCVP [2026-03-12] | CoordinateCleaner QA applied without sea test (validity, equal, zeros, capitals, centroids, gbif, institutions) [2026-03-29]","standardized author names in identifiedBy","Edith Rosario Clemente Arenas, Edison Quispe"
"65","PETE2025_065","LivingSpecimen",NA,NA,NA,"SPECIES",NA,NA,NA,"Clemente-Arenas, E.R. | Quispe, E.","E","bertelmann_h_2025_PETE",1,"Grammitis moniliformis",-13.096405,-71.629874,"2025-04-18","change1: Filled coordinateUncertaintyInMeters from decimal-place precision (conservative). | epi_taxo: acceptedName(match1); authorship_epig(match1); genus_from_scientificName; family_WFO; order_majorGroup_WCVP [2026-03-12] | CoordinateCleaner QA applied without sea test (validity, equal, zeros, capitals, centroids, gbif, institutions) [2026-03-29]","standardized author names in identifiedBy","Edith Rosario Clemente Arenas, Edison Quispe"
"66","PETE2025_066","LivingSpecimen",NA,NA,NA,"SPECIES",NA,NA,NA,"Clemente-Arenas, E.R. | Quispe, E.","E","bertelmann_h_2025_PETE",1,"Grammitis moniliformis",-13.096385,-71.629903,"2025-04-18","change1: Filled coordinateUncertaintyInMeters from decimal-place precision (conservative). | epi_taxo: acceptedName(match1); authorship_epig(match1); genus_from_scientificName; family_WFO; order_majorGroup_WCVP [2026-03-12] | CoordinateCleaner QA applied without sea test (validity, equal, zeros, capitals, centroids, gbif, institutions) [2026-03-29]","standardized author names in identifiedBy","Edith Rosario Clemente Arenas, Edison Quispe"
"67","PETE2025_067","LivingSpecimen",NA,NA,NA,"SPECIES",NA,NA,NA,"Clemente-Arenas, E.R. | Quispe, E.","E","bertelmann_h_2025_PETE",1,"Grammitis moniliformis",-13.096385,-71.629903,"2025-04-18","change1: Filled coordinateUncertaintyInMeters from decimal-place precision (conservative). | epi_taxo: acceptedName(match1); authorship_epig(match1); genus_from_scientificName; family_WFO; order_majorGroup_WCVP [2026-03-12] | CoordinateCleaner QA applied without sea test (validity, equal, zeros, capitals, centroids, gbif, institutions) [2026-03-29]","standardized author names in identifiedBy","Edith Rosario Clemente Arenas, Edison Quispe"
"68","PETE2025_068","LivingSpecimen",NA,NA,NA,"SPECIES",NA,NA,NA,"Clemente-Arenas, E.R. | Quispe, E.","E","bertelmann_h_2025_PETE",1,"Grammitis moniliformis",-13.096385,-71.629903,"2025-04-18","change1: Filled coordinateUncertaintyInMeters from decimal-place precision (conservative). | epi_taxo: acceptedName(match1); authorship_epig(match1); genus_from_scientificName; family_WFO; order_majorGroup_WCVP [2026-03-12] | CoordinateCleaner QA applied without sea test (validity, equal, zeros, capitals, centroids, gbif, institutions) [2026-03-29]","standardized author names in identifiedBy","Edith Rosario Clemente Arenas, Edison Quispe"
"69","PETE2025_069","LivingSpecimen",NA,NA,NA,"SPECIES",NA,NA,NA,"Clemente-Arenas, E.R. | Quispe, E.","E","bertelmann_h_2025_PETE",1,"Grammitis moniliformis",-13.096385,-71.629903,"2025-04-18","change1: Filled coordinateUncertaintyInMeters from decimal-place precision (conservative). | epi_taxo: acceptedName(match1); authorship_epig(match1); genus_from_scientificName; family_WFO; order_majorGroup_WCVP [2026-03-12] | CoordinateCleaner QA applied without sea test (validity, equal, zeros, capitals, centroids, gbif, institutions) [2026-03-29]","standardized author names in identifiedBy","Edith Rosario Clemente Arenas, Edison Quispe"
"70","PETE2025_070","LivingSpecimen",NA,NA,NA,"SPECIES",NA,NA,NA,"Clemente-Arenas, E.R. | Quispe, E.","E","bertelmann_h_2025_PETE",1,"Grammitis moniliformis",-13.096385,-71.629903,"2025-04-18","change1: Filled coordinateUncertaintyInMeters from decimal-place precision (conservative). | epi_taxo: acceptedName(match1); authorship_epig(match1); genus_from_scientificName; family_WFO; order_majorGroup_WCVP [2026-03-12] | CoordinateCleaner QA applied without sea test (validity, equal, zeros, capitals, centroids, gbif, institutions) [2026-03-29]","standardized author names in identifiedBy","Edith Rosario Clemente Arenas, Edison Quispe"
"71","PETE2025_071","LivingSpecimen",NA,NA,NA,"SPECIES",NA,NA,NA,"Clemente-Arenas, E.R. | Quispe, E.","E","bertelmann_h_2025_PETE",1,"Grammitis moniliformis",-13.096585,-71.630992,"2025-04-19","change1: Filled coordinateUncertaintyInMeters from decimal-place precision (conservative). | epi_taxo: acceptedName(match1); authorship_epig(match1); genus_from_scientificName; family_WFO; order_majorGroup_WCVP [2026-03-12] | CoordinateCleaner QA applied without sea test (validity, equal, zeros, capitals, centroids, gbif, institutions) [2026-03-29]","standardized author names in identifiedBy","Edith Rosario Clemente Arenas, Edison Quispe"
"72","PETE2025_072","LivingSpecimen",NA,NA,NA,"SPECIES",NA,NA,NA,"Clemente-Arenas, E.R. | Quispe, E.","E","bertelmann_h_2025_PETE",1,"Grammitis moniliformis",-13.096585,-71.630992,"2025-04-19","change1: Filled coordinateUncertaintyInMeters from decimal-place precision (conservative). | epi_taxo: acceptedName(match1); authorship_epig(match1); genus_from_scientificName; family_WFO; order_majorGroup_WCVP [2026-03-12] | CoordinateCleaner QA applied without sea test (validity, equal, zeros, capitals, centroids, gbif, institutions) [2026-03-29]","standardized author names in identifiedBy","Edith Rosario Clemente Arenas, Edison Quispe"
"73","PETE2025_073","LivingSpecimen",NA,NA,NA,"SPECIES",NA,NA,NA,"Clemente-Arenas, E.R. | Quispe, E.","E","bertelmann_h_2025_PETE",1,"Grammitis moniliformis",-13.096585,-71.630992,"2025-04-19","change1: Filled coordinateUncertaintyInMeters from decimal-place precision (conservative). | epi_taxo: acceptedName(match1); authorship_epig(match1); genus_from_scientificName; family_WFO; order_majorGroup_WCVP [2026-03-12] | CoordinateCleaner QA applied without sea test (validity, equal, zeros, capitals, centroids, gbif, institutions) [2026-03-29]","standardized author names in identifiedBy","Edith Rosario Clemente Arenas, Edison Quispe"
"74","PETE2025_074","LivingSpecimen",NA,NA,NA,"SPECIES",NA,NA,NA,"Clemente-Arenas, E.R. | Quispe, E.","E","bertelmann_h_2025_PETE",1,"Grammitis moniliformis",-13.096585,-71.630992,"2025-04-19","change1: Filled coordinateUncertaintyInMeters from decimal-place precision (conservative). | epi_taxo: acceptedName(match1); authorship_epig(match1); genus_from_scientificName; family_WFO; order_majorGroup_WCVP [2026-03-12] | CoordinateCleaner QA applied without sea test (validity, equal, zeros, capitals, centroids, gbif, institutions) [2026-03-29]","standardized author names in identifiedBy","Edith Rosario Clemente Arenas, Edison Quispe"
"75","PETE2025_075","LivingSpecimen",NA,NA,NA,"SPECIES",NA,NA,NA,"Clemente-Arenas, E.R. | Quispe, E.","E","bertelmann_h_2025_PETE",1,"Grammitis moniliformis",-13.096585,-71.630992,"2025-04-19","change1: Filled coordinateUncertaintyInMeters from decimal-place precision (conservative). | epi_taxo: acceptedName(match1); authorship_epig(match1); genus_from_scientificName; family_WFO; order_majorGroup_WCVP [2026-03-12] | CoordinateCleaner QA applied without sea test (validity, equal, zeros, capitals, centroids, gbif, institutions) [2026-03-29]","standardized author names in identifiedBy","Edith Rosario Clemente Arenas, Edison Quispe"
"76","PETE2025_076","LivingSpecimen",NA,NA,NA,"SPECIES",NA,NA,NA,"Clemente-Arenas, E.R. | Quispe, E.","E","bertelmann_h_2025_PETE",1,"Grammitis moniliformis",-13.096683,-71.630972,"2025-04-19","change1: Filled coordinateUncertaintyInMeters from decimal-place precision (conservative). | epi_taxo: acceptedName(match1); authorship_epig(match1); genus_from_scientificName; family_WFO; order_majorGroup_WCVP [2026-03-12] | CoordinateCleaner QA applied without sea test (validity, equal, zeros, capitals, centroids, gbif, institutions) [2026-03-29]","standardized author names in identifiedBy","Edith Rosario Clemente Arenas, Edison Quispe"
"77","PETE2025_077","LivingSpecimen",NA,NA,NA,"SPECIES",NA,NA,NA,"Clemente-Arenas, E.R. | Quispe, E.","E","bertelmann_h_2025_PETE",1,"Grammitis moniliformis",-13.096683,-71.630972,"2025-04-19","change1: Filled coordinateUncertaintyInMeters from decimal-place precision (conservative). | epi_taxo: acceptedName(match1); authorship_epig(match1); genus_from_scientificName; family_WFO; order_majorGroup_WCVP [2026-03-12] | CoordinateCleaner QA applied without sea test (validity, equal, zeros, capitals, centroids, gbif, institutions) [2026-03-29]","standardized author names in identifiedBy","Edith Rosario Clemente Arenas, Edison Quispe"
"78","PETE2025_078","LivingSpecimen",NA,NA,NA,"SPECIES",NA,NA,NA,"Clemente-Arenas, E.R. | Quispe, E.","E","bertelmann_h_2025_PETE",1,"Grammitis moniliformis",-13.096683,-71.630972,"2025-04-19","change1: Filled coordinateUncertaintyInMeters from decimal-place precision (conservative). | epi_taxo: acceptedName(match1); authorship_epig(match1); genus_from_scientificName; family_WFO; order_majorGroup_WCVP [2026-03-12] | CoordinateCleaner QA applied without sea test (validity, equal, zeros, capitals, centroids, gbif, institutions) [2026-03-29]","standardized author names in identifiedBy","Edith Rosario Clemente Arenas, Edison Quispe"
"79","PETE2025_079","LivingSpecimen",NA,NA,NA,"SPECIES",NA,NA,NA,"Clemente-Arenas, E.R. | Quispe, E.","E","bertelmann_h_2025_PETE",1,"Grammitis moniliformis",-13.096683,-71.630972,"2025-04-19","change1: Filled coordinateUncertaintyInMeters from decimal-place precision (conservative). | epi_taxo: acceptedName(match1); authorship_epig(match1); genus_from_scientificName; family_WFO; order_majorGroup_WCVP [2026-03-12] | CoordinateCleaner QA applied without sea test (validity, equal, zeros, capitals, centroids, gbif, institutions) [2026-03-29]","standardized author names in identifiedBy","Edith Rosario Clemente Arenas, Edison Quispe"
"80","PETE2025_080","LivingSpecimen",NA,NA,NA,"SPECIES",NA,NA,NA,"Clemente-Arenas, E.R. | Quispe, E.","E","bertelmann_h_2025_PETE",1,"Grammitis moniliformis",-13.096683,-71.630972,"2025-04-19","change1: Filled coordinateUncertaintyInMeters from decimal-place precision (conservative). | epi_taxo: acceptedName(match1); authorship_epig(match1); genus_from_scientificName; family_WFO; order_majorGroup_WCVP [2026-03-12] | CoordinateCleaner QA applied without sea test (validity, equal, zeros, capitals, centroids, gbif, institutions) [2026-03-29]","standardized author names in identifiedBy","Edith Rosario Clemente Arenas, Edison Quispe"
"81","PETE2025_081","LivingSpecimen",NA,NA,NA,"SPECIES",NA,NA,NA,"Clemente-Arenas, E.R. | Quispe, E.","E","bertelmann_h_2025_PETE",1,"Fuchsia apetala",-13.096457,-71.630015,"2025-04-19","change1: Filled coordinateUncertaintyInMeters from decimal-place precision (conservative). | epi_taxo: acceptedName(match1); authorship_epig(match1); genus_from_scientificName; family_WFO; order_majorGroup_WCVP [2026-03-12] | CoordinateCleaner QA applied without sea test (validity, equal, zeros, capitals, centroids, gbif, institutions) [2026-03-29]","standardized author names in identifiedBy","Edith Rosario Clemente Arenas, Edison Quispe"
"82","PETE2025_082","LivingSpecimen",NA,NA,NA,"SPECIES",NA,NA,NA,"Clemente-Arenas, E.R. | Quispe, E.","E","bertelmann_h_2025_PETE",1,"Fuchsia apetala",-13.096457,-71.630015,"2025-04-19","change1: Filled coordinateUncertaintyInMeters from decimal-place precision (conservative). | epi_taxo: acceptedName(match1); authorship_epig(match1); genus_from_scientificName; family_WFO; order_majorGroup_WCVP [2026-03-12] | CoordinateCleaner QA applied without sea test (validity, equal, zeros, capitals, centroids, gbif, institutions) [2026-03-29]","standardized author names in identifiedBy","Edith Rosario Clemente Arenas, Edison Quispe"
"83","PETE2025_083","LivingSpecimen",NA,NA,NA,"SPECIES",NA,NA,NA,"Clemente-Arenas, E.R. | Quispe, E.","E","bertelmann_h_2025_PETE",1,"Fuchsia apetala",-13.096457,-71.630015,"2025-04-19","change1: Filled coordinateUncertaintyInMeters from decimal-place precision (conservative). | epi_taxo: acceptedName(match1); authorship_epig(match1); genus_from_scientificName; family_WFO; order_majorGroup_WCVP [2026-03-12] | CoordinateCleaner QA applied without sea test (validity, equal, zeros, capitals, centroids, gbif, institutions) [2026-03-29]","standardized author names in identifiedBy","Edith Rosario Clemente Arenas, Edison Quispe"
"84","PETE2025_084","LivingSpecimen",NA,NA,NA,"SPECIES",NA,NA,NA,"Clemente-Arenas, E.R. | Quispe, E.","E","bertelmann_h_2025_PETE",1,"Fuchsia apetala",-13.096457,-71.630015,"2025-04-19","change1: Filled coordinateUncertaintyInMeters from decimal-place precision (conservative). | epi_taxo: acceptedName(match1); authorship_epig(match1); genus_from_scientificName; family_WFO; order_majorGroup_WCVP [2026-03-12] | CoordinateCleaner QA applied without sea test (validity, equal, zeros, capitals, centroids, gbif, institutions) [2026-03-29]","standardized author names in identifiedBy","Edith Rosario Clemente Arenas, Edison Quispe"
"85","PETE2025_085","LivingSpecimen",NA,NA,NA,"SPECIES",NA,NA,NA,"Clemente-Arenas, E.R. | Quispe, E.","E","bertelmann_h_2025_PETE",1,"Fuchsia apetala",-13.096457,-71.630015,"2025-04-19","change1: Filled coordinateUncertaintyInMeters from decimal-place precision (conservative). | epi_taxo: acceptedName(match1); authorship_epig(match1); genus_from_scientificName; family_WFO; order_majorGroup_WCVP [2026-03-12] | CoordinateCleaner QA applied without sea test (validity, equal, zeros, capitals, centroids, gbif, institutions) [2026-03-29]","standardized author names in identifiedBy","Edith Rosario Clemente Arenas, Edison Quispe"
"86","PETE2025_086","LivingSpecimen",NA,NA,NA,"SPECIES",NA,NA,NA,"Clemente-Arenas, E.R. | Quispe, E.","E","bertelmann_h_2025_PETE",1,"Fuchsia apetala",-13.096409,-71.630073,"2025-04-19","change1: Filled coordinateUncertaintyInMeters from decimal-place precision (conservative). | epi_taxo: acceptedName(match1); authorship_epig(match1); genus_from_scientificName; family_WFO; order_majorGroup_WCVP [2026-03-12] | CoordinateCleaner QA applied without sea test (validity, equal, zeros, capitals, centroids, gbif, institutions) [2026-03-29]","standardized author names in identifiedBy","Edith Rosario Clemente Arenas, Edison Quispe"
"87","PETE2025_087","LivingSpecimen",NA,NA,NA,"SPECIES",NA,NA,NA,"Clemente-Arenas, E.R. | Quispe, E.","E","bertelmann_h_2025_PETE",1,"Fuchsia apetala",-13.096409,-71.630073,"2025-04-19","change1: Filled coordinateUncertaintyInMeters from decimal-place precision (conservative). | epi_taxo: acceptedName(match1); authorship_epig(match1); genus_from_scientificName; family_WFO; order_majorGroup_WCVP [2026-03-12] | CoordinateCleaner QA applied without sea test (validity, equal, zeros, capitals, centroids, gbif, institutions) [2026-03-29]","standardized author names in identifiedBy","Edith Rosario Clemente Arenas, Edison Quispe"
"88","PETE2025_088","LivingSpecimen",NA,NA,NA,"SPECIES",NA,NA,NA,"Clemente-Arenas, E.R. | Quispe, E.","E","bertelmann_h_2025_PETE",1,"Fuchsia apetala",-13.096409,-71.630073,"2025-04-19","change1: Filled coordinateUncertaintyInMeters from decimal-place precision (conservative). | epi_taxo: acceptedName(match1); authorship_epig(match1); genus_from_scientificName; family_WFO; order_majorGroup_WCVP [2026-03-12] | CoordinateCleaner QA applied without sea test (validity, equal, zeros, capitals, centroids, gbif, institutions) [2026-03-29]","standardized author names in identifiedBy","Edith Rosario Clemente Arenas, Edison Quispe"
"89","PETE2025_089","LivingSpecimen",NA,NA,NA,"SPECIES",NA,NA,NA,"Clemente-Arenas, E.R. | Quispe, E.","E","bertelmann_h_2025_PETE",1,"Fuchsia apetala",-13.096409,-71.630073,"2025-04-19","change1: Filled coordinateUncertaintyInMeters from decimal-place precision (conservative). | epi_taxo: acceptedName(match1); authorship_epig(match1); genus_from_scientificName; family_WFO; order_majorGroup_WCVP [2026-03-12] | CoordinateCleaner QA applied without sea test (validity, equal, zeros, capitals, centroids, gbif, institutions) [2026-03-29]","standardized author names in identifiedBy","Edith Rosario Clemente Arenas, Edison Quispe"
"90","PETE2025_090","LivingSpecimen",NA,NA,NA,"SPECIES",NA,NA,NA,"Clemente-Arenas, E.R. | Quispe, E.","E","bertelmann_h_2025_PETE",1,"Fuchsia apetala",-13.096409,-71.630073,"2025-04-19","change1: Filled coordinateUncertaintyInMeters from decimal-place precision (conservative). | epi_taxo: acceptedName(match1); authorship_epig(match1); genus_from_scientificName; family_WFO; order_majorGroup_WCVP [2026-03-12] | CoordinateCleaner QA applied without sea test (validity, equal, zeros, capitals, centroids, gbif, institutions) [2026-03-29]","standardized author names in identifiedBy","Edith Rosario Clemente Arenas, Edison Quispe"
"91","PETE2025_091","LivingSpecimen",NA,NA,NA,"SPECIES",NA,NA,NA,"Clemente-Arenas, E.R. | Quispe, E.","E","bertelmann_h_2025_PETE",1,"Fuchsia apetala",-13.096191189181,-71.6296748663326,"2025-04-19","change1: Filled coordinateUncertaintyInMeters from decimal-place precision (conservative). | epi_taxo: acceptedName(match1); authorship_epig(match1); genus_from_scientificName; family_WFO; order_majorGroup_WCVP [2026-03-12] | CoordinateCleaner QA applied without sea test (validity, equal, zeros, capitals, centroids, gbif, institutions) [2026-03-29]","standardized author names in identifiedBy","Edith Rosario Clemente Arenas, Edison Quispe"
"92","PETE2025_092","LivingSpecimen",NA,NA,NA,"SPECIES",NA,NA,NA,"Clemente-Arenas, E.R. | Quispe, E.","E","bertelmann_h_2025_PETE",1,"Fuchsia apetala",-13.096191189181,-71.6296748663326,"2025-04-19","change1: Filled coordinateUncertaintyInMeters from decimal-place precision (conservative). | epi_taxo: acceptedName(match1); authorship_epig(match1); genus_from_scientificName; family_WFO; order_majorGroup_WCVP [2026-03-12] | CoordinateCleaner QA applied without sea test (validity, equal, zeros, capitals, centroids, gbif, institutions) [2026-03-29]","standardized author names in identifiedBy","Edith Rosario Clemente Arenas, Edison Quispe"
"93","PETE2025_093","LivingSpecimen",NA,NA,NA,"SPECIES",NA,NA,NA,"Clemente-Arenas, E.R. | Quispe, E.","E","bertelmann_h_2025_PETE",1,"Fuchsia apetala",-13.096191189181,-71.6296748663326,"2025-04-19","change1: Filled coordinateUncertaintyInMeters from decimal-place precision (conservative). | epi_taxo: acceptedName(match1); authorship_epig(match1); genus_from_scientificName; family_WFO; order_majorGroup_WCVP [2026-03-12] | CoordinateCleaner QA applied without sea test (validity, equal, zeros, capitals, centroids, gbif, institutions) [2026-03-29]","standardized author names in identifiedBy","Edith Rosario Clemente Arenas, Edison Quispe"
"94","PETE2025_094","LivingSpecimen",NA,NA,NA,"SPECIES",NA,NA,NA,"Clemente-Arenas, E.R. | Quispe, E.","E","bertelmann_h_2025_PETE",1,"Fuchsia apetala",-13.096191189181,-71.6296748663326,"2025-04-19","change1: Filled coordinateUncertaintyInMeters from decimal-place precision (conservative). | epi_taxo: acceptedName(match1); authorship_epig(match1); genus_from_scientificName; family_WFO; order_majorGroup_WCVP [2026-03-12] | CoordinateCleaner QA applied without sea test (validity, equal, zeros, capitals, centroids, gbif, institutions) [2026-03-29]","standardized author names in identifiedBy","Edith Rosario Clemente Arenas, Edison Quispe"
"95","PETE2025_095","LivingSpecimen",NA,NA,NA,"SPECIES",NA,NA,NA,"Clemente-Arenas, E.R. | Quispe, E.","E","bertelmann_h_2025_PETE",1,"Fuchsia apetala",-13.096191189181,-71.6296748663326,"2025-04-19","change1: Filled coordinateUncertaintyInMeters from decimal-place precision (conservative). | epi_taxo: acceptedName(match1); authorship_epig(match1); genus_from_scientificName; family_WFO; order_majorGroup_WCVP [2026-03-12] | CoordinateCleaner QA applied without sea test (validity, equal, zeros, capitals, centroids, gbif, institutions) [2026-03-29]","standardized author names in identifiedBy","Edith Rosario Clemente Arenas, Edison Quispe"
"96","PETE2025_096","LivingSpecimen",NA,NA,NA,"SPECIES",NA,NA,NA,"Clemente-Arenas, E.R. | Quispe, E.","E","bertelmann_h_2025_PETE",1,"Fuchsia apetala",-13.096181,-71.629675,"2025-04-19","change1: Filled coordinateUncertaintyInMeters from decimal-place precision (conservative). | epi_taxo: acceptedName(match1); authorship_epig(match1); genus_from_scientificName; family_WFO; order_majorGroup_WCVP [2026-03-12] | CoordinateCleaner QA applied without sea test (validity, equal, zeros, capitals, centroids, gbif, institutions) [2026-03-29]","standardized author names in identifiedBy","Edith Rosario Clemente Arenas, Edison Quispe"
"97","PETE2025_097","LivingSpecimen",NA,NA,NA,"SPECIES",NA,NA,NA,"Clemente-Arenas, E.R. | Quispe, E.","E","bertelmann_h_2025_PETE",1,"Fuchsia apetala",-13.096181,-71.629675,"2025-04-19","change1: Filled coordinateUncertaintyInMeters from decimal-place precision (conservative). | epi_taxo: acceptedName(match1); authorship_epig(match1); genus_from_scientificName; family_WFO; order_majorGroup_WCVP [2026-03-12] | CoordinateCleaner QA applied without sea test (validity, equal, zeros, capitals, centroids, gbif, institutions) [2026-03-29]","standardized author names in identifiedBy","Edith Rosario Clemente Arenas, Edison Quispe"
"98","PETE2025_098","LivingSpecimen",NA,NA,NA,"SPECIES",NA,NA,NA,"Clemente-Arenas, E.R. | Quispe, E.","E","bertelmann_h_2025_PETE",1,"Fuchsia apetala",-13.096181,-71.629675,"2025-04-19","change1: Filled coordinateUncertaintyInMeters from decimal-place precision (conservative). | epi_taxo: acceptedName(match1); authorship_epig(match1); genus_from_scientificName; family_WFO; order_majorGroup_WCVP [2026-03-12] | CoordinateCleaner QA applied without sea test (validity, equal, zeros, capitals, centroids, gbif, institutions) [2026-03-29]","standardized author names in identifiedBy","Edith Rosario Clemente Arenas, Edison Quispe"
"99","PETE2025_099","LivingSpecimen",NA,NA,NA,"SPECIES",NA,NA,NA,"Clemente-Arenas, E.R. | Quispe, E.","E","bertelmann_h_2025_PETE",1,"Fuchsia apetala",-13.096181,-71.629675,"2025-04-19","change1: Filled coordinateUncertaintyInMeters from decimal-place precision (conservative). | epi_taxo: acceptedName(match1); authorship_epig(match1); genus_from_scientificName; family_WFO; order_majorGroup_WCVP [2026-03-12] | CoordinateCleaner QA applied without sea test (validity, equal, zeros, capitals, centroids, gbif, institutions) [2026-03-29]","standardized author names in identifiedBy","Edith Rosario Clemente Arenas, Edison Quispe"
"100","PETE2025_100","LivingSpecimen",NA,NA,NA,"SPECIES",NA,NA,NA,"Clemente-Arenas, E.R. | Quispe, E.","E","bertelmann_h_2025_PETE",1,"Fuchsia apetala",-13.096181,-71.629675,"2025-04-19","change1: Filled coordinateUncertaintyInMeters from decimal-place precision (conservative). | epi_taxo: acceptedName(match1); authorship_epig(match1); genus_from_scientificName; family_WFO; order_majorGroup_WCVP [2026-03-12] | CoordinateCleaner QA applied without sea test (validity, equal, zeros, capitals, centroids, gbif, institutions) [2026-03-29]","standardized author names in identifiedBy","Edith Rosario Clemente Arenas, Edison Quispe"
