"","occurrenceID","basisOfRecord","typeStatus","associatedReferences","institutionCode","taxonRank","collectionCode","recordedBy","recordNumber","identifiedBy","lifeForm","datasetID","matchCodeEpig","matchedNameEpig","decimalLatitude","decimalLongitude","eventDate","changes","discardReason","verbatimidentifiedBy","verbatimrecordedBy"
"1","ELE2025_1","PreservedSpecimen",NA,NA,"ELE","SPECIES",NA,"Bobadilla-Penalo, E.M. | Polanco-Matias, I.","s.n.","Bobadilla-Penalo, E.M.","E","ELE2025",1,"Tillandsia ariza-juliae",19.273198,-71.056611,"2022-08-20","change1: Filled coordinateUncertaintyInMeters from decimal-place precision (conservative). | change2: Standardized country to Darwin Core name: 'República Dominicana' -> 'DOMINICAN REPUBLIC'. | epi_taxo: acceptedName(match1); authorship_epig(match1); genus_from_scientificName; family_WFO; order_majorGroup_WCVP [2026-03-11] | CoordinateCleaner QA applied without sea test (validity, equal, zeros, capitals, centroids, gbif, institutions) [2026-04-14] | No elevation information available in dataset or locality; minimumElevationInMeters left as NA [2026-04-14]","standardized author names in recordedBy / standardized author names in identifiedBy","Bobadilla-Peñaló, E. M.","Bobadilla-Peñaló, E. M.; Polanco-Matías, I."
"2","ELE2025_2","PreservedSpecimen",NA,NA,"ELE","SPECIES",NA,"Bobadilla-Penalo, E.M.","","Bobadilla-Penalo, E.M.","E","ELE2025",1,"Pleopeltis astrolepis",19.010799,-70.515957,"2021-10-23","change1: Filled coordinateUncertaintyInMeters from decimal-place precision (conservative). | change2: Standardized country to Darwin Core name: 'República Dominicana' -> 'DOMINICAN REPUBLIC'. | epi_taxo: acceptedName(match1); authorship_epig(match1); genus_from_scientificName; family_WFO; order_majorGroup_WCVP [2026-03-11] | CoordinateCleaner QA applied without sea test (validity, equal, zeros, capitals, centroids, gbif, institutions) [2026-04-14] | No elevation information available in dataset or locality; minimumElevationInMeters left as NA [2026-04-14]","standardized author names in recordedBy / standardized author names in identifiedBy","Bobadilla-Peñaló, E. M.","Bobadilla-Peñaló, E. M."
"3","ELE2025_3","PreservedSpecimen",NA,NA,"ELE","GENUS",NA,"Polanco-Matias, I.","","Polanco-Matias, I.","E","ELE2025",NA,"",19.205473,-70.994939,"2023-11-03","change1: Cleared scientificName for supra-specific rank (GENUS/SUBGENUS/SECTION/FAMILY/…). | change2: Filled coordinateUncertaintyInMeters from decimal-place precision (conservative). | change3: Standardized country to Darwin Core name: 'República Dominicana' -> 'DOMINICAN REPUBLIC'. | epi_taxo: acceptedName(match1); authorship_epig(match1); genus_from_scientificName; family_WFO; order_majorGroup_WCVP [2026-03-11] | CoordinateCleaner QA applied without sea test (validity, equal, zeros, capitals, centroids, gbif, institutions) [2026-04-14] | No elevation information available in dataset or locality; minimumElevationInMeters left as NA [2026-04-14]","standardized author names in recordedBy / standardized author names in identifiedBy","Polanco-Matías, I.","Polanco-Matías, I."
"4","ELE2025_4","PreservedSpecimen",NA,NA,"ELE","GENUS",NA,"Garcia, L.","","Garcia, L.","E","ELE2025",NA,"",19.4491132363694,-70.7462462564482,"","change1: Cleared scientificName for supra-specific rank (GENUS/SUBGENUS/SECTION/FAMILY/…). | change2: Filled coordinateUncertaintyInMeters from decimal-place precision (conservative). | change3: Standardized country to Darwin Core name: 'República Dominicana' -> 'DOMINICAN REPUBLIC'. | epi_taxo: acceptedName(match1); authorship_epig(match1); genus_from_scientificName; family_WFO; order_majorGroup_WCVP [2026-03-11] | CoordinateCleaner QA applied without sea test (validity, equal, zeros, capitals, centroids, gbif, institutions) [2026-04-14] | No elevation information available in dataset or locality; minimumElevationInMeters left as NA [2026-04-14]","standardized author names in recordedBy / standardized author names in identifiedBy","L. García","L. García"
"5","ELE2025_5","PreservedSpecimen",NA,NA,"ELE","SPECIES",NA,"Polanco-Matias, I.","","Polanco-Matias, I.","E","ELE2025",1,"Pleopeltis astrolepis",19.341981,-70.145753,"2022-10-15","change1: Filled coordinateUncertaintyInMeters from decimal-place precision (conservative). | change2: Standardized country to Darwin Core name: 'República Dominicana' -> 'DOMINICAN REPUBLIC'. | epi_taxo: acceptedName(match1); authorship_epig(match1); genus_from_scientificName; family_WFO; order_majorGroup_WCVP [2026-03-11] | CoordinateCleaner QA applied without sea test (validity, equal, zeros, capitals, centroids, gbif, institutions) [2026-04-14] | No elevation information available in dataset or locality; minimumElevationInMeters left as NA [2026-04-14]","standardized author names in recordedBy / standardized author names in identifiedBy","Polanco-Matías, I.","Polanco-Matías, I."
"6","ELE2025_6","PreservedSpecimen",NA,NA,"ELE","SPECIES",NA,"Bobadilla-Penalo, E.M. | Polanco-Matias, I.","","Polanco-Matias, I.","E","ELE2025",1,"Dendrophylax sallei",19.273198,-71.056611,"2022-08-20","change1: Filled coordinateUncertaintyInMeters from decimal-place precision (conservative). | change2: Standardized country to Darwin Core name: 'República Dominicana' -> 'DOMINICAN REPUBLIC'. | epi_taxo: acceptedName(match1); authorship_epig(match1); genus_from_scientificName; family_WFO; order_majorGroup_WCVP [2026-03-11] | CoordinateCleaner QA applied without sea test (validity, equal, zeros, capitals, centroids, gbif, institutions) [2026-04-14] | No elevation information available in dataset or locality; minimumElevationInMeters left as NA [2026-04-14]","standardized author names in recordedBy / standardized author names in identifiedBy","Polanco-Matías, I.","Bobadilla-Peñaló, E. M.; Polanco-Matías, I."
"7","ELE2025_7","PreservedSpecimen",NA,NA,"ELE","SPECIES",NA,"Bobadilla-Penalo, E.M.","","Polanco-Matias, I.","E","ELE2025",1,"Campyloneurum angustifolium",19.27884,-71.576803,"2021-01-03","change1: Filled coordinateUncertaintyInMeters from decimal-place precision (conservative). | change2: Standardized country to Darwin Core name: 'República Dominicana' -> 'DOMINICAN REPUBLIC'. | epi_taxo: acceptedName(match1); authorship_epig(match1); genus_from_scientificName; family_WFO; order_majorGroup_WCVP [2026-03-11] | CoordinateCleaner QA applied without sea test (validity, equal, zeros, capitals, centroids, gbif, institutions) [2026-04-14] | No elevation information available in dataset or locality; minimumElevationInMeters left as NA [2026-04-14]","standardized author names in recordedBy / standardized author names in identifiedBy","Polanco-Matías, I.","Bobadilla-Peñaló, E. M."
"8","ELE2025_8","PreservedSpecimen",NA,NA,"ELE","SPECIES",NA,"Gomez, E. | Lopez, C.","","Gomez, E.","E","ELE2025",1,"Tillandsia balbisiana",19.520321,-71.162081,"2022-06-25","change1: Filled coordinateUncertaintyInMeters from decimal-place precision (conservative). | change2: Standardized country to Darwin Core name: 'República Dominicana' -> 'DOMINICAN REPUBLIC'. | epi_taxo: acceptedName(match1); authorship_epig(match1); genus_from_scientificName; family_WFO; order_majorGroup_WCVP [2026-03-11] | CoordinateCleaner QA applied without sea test (validity, equal, zeros, capitals, centroids, gbif, institutions) [2026-04-14] | No elevation information available in dataset or locality; minimumElevationInMeters left as NA [2026-04-14]","standardized author names in recordedBy / standardized author names in identifiedBy","Gómez, E.","Gómez, E.; López, C."
"9","ELE2025_9","PreservedSpecimen",NA,NA,"ELE","SPECIES",NA,"Adames-Jazmin, Y.","","Pena, L.","E","ELE2025",1,"Tillandsia balbisiana",19.4130245,-70.6584137,"2021-11-21","change1: Filled coordinateUncertaintyInMeters from decimal-place precision (conservative). | change2: Standardized country to Darwin Core name: 'República Dominicana' -> 'DOMINICAN REPUBLIC'. | epi_taxo: acceptedName(match1); authorship_epig(match1); genus_from_scientificName; family_WFO; order_majorGroup_WCVP [2026-03-11] | CoordinateCleaner QA applied without sea test (validity, equal, zeros, capitals, centroids, gbif, institutions) [2026-04-14] | No elevation information available in dataset or locality; minimumElevationInMeters left as NA [2026-04-14]","standardized author names in recordedBy / standardized author names in identifiedBy","Peña, L.","Adames-Jazmín, Y."
"10","ELE2025_10","PreservedSpecimen",NA,NA,"ELE","SPECIES",NA,"Ramirez-Ortiz, R.A.","","Polanco-Matias, I.","E","ELE2025",1,"Campyloneurum angustifolium",19.5825907860021,-70.745179703548,"2021-06-29","change1: Filled coordinateUncertaintyInMeters from decimal-place precision (conservative). | change2: Standardized country to Darwin Core name: 'República Dominicana' -> 'DOMINICAN REPUBLIC'. | epi_taxo: acceptedName(match1); authorship_epig(match1); genus_from_scientificName; family_WFO; order_majorGroup_WCVP [2026-03-11] | CoordinateCleaner QA applied without sea test (validity, equal, zeros, capitals, centroids, gbif, institutions) [2026-04-14] | No elevation information available in dataset or locality; minimumElevationInMeters left as NA [2026-04-14]","standardized author names in recordedBy / standardized author names in identifiedBy","Polanco-Matías, I.","Ramírez-Ortiz, R. A."
"11","ELE2025_11","PreservedSpecimen",NA,NA,"ELE","SPECIES",NA,"Delgado, A.","","Delgado, A.","E","ELE2025",1,"Epidendrum difforme",18.8554185164744,-70.9877305929659,"","change1: Filled coordinateUncertaintyInMeters from decimal-place precision (conservative). | change2: Standardized country to Darwin Core name: 'República Dominicana' -> 'DOMINICAN REPUBLIC'. | epi_taxo: acceptedName(match1); authorship_epig(match1); genus_from_scientificName; family_WFO; order_majorGroup_WCVP [2026-03-11] | CoordinateCleaner QA applied without sea test (validity, equal, zeros, capitals, centroids, gbif, institutions) [2026-04-14] | No elevation information available in dataset or locality; minimumElevationInMeters left as NA [2026-04-14]","","Delgado, A.","Delgado, A."
"12","ELE2025_12","PreservedSpecimen",NA,NA,"ELE","SPECIES",NA,"Garcia-Rodriguez, R.","","Garcia-Rodriguez, R.","E","ELE2025",1,"Elaphoglossum crinitum",19.58,-70.745,"2021-12-09","change1: Filled coordinateUncertaintyInMeters from decimal-place precision (conservative). | change2: Standardized country to Darwin Core name: 'República Dominicana' -> 'DOMINICAN REPUBLIC'. | epi_taxo: acceptedName(match1); authorship_epig(match1); genus_from_scientificName; family_WFO; order_majorGroup_WCVP [2026-03-11] | CoordinateCleaner QA applied without sea test (validity, equal, zeros, capitals, centroids, gbif, institutions) [2026-04-14] | No elevation information available in dataset or locality; minimumElevationInMeters left as NA [2026-04-14]","standardized author names in recordedBy / standardized author names in identifiedBy","García-Rodriguez, R.","García-Rodríguez, R."
"13","ELE2025_13","PreservedSpecimen",NA,NA,"ELE","SPECIES",NA,"Bobadilla-Penalo, E.M. | Polanco-Matias, I.","","Polanco-Matias, I.","E","ELE2025",1,"Tillandsia pruinosa",19.273198,-71.056611,"2022-08-20","change1: Filled coordinateUncertaintyInMeters from decimal-place precision (conservative). | change2: Standardized country to Darwin Core name: 'República Dominicana' -> 'DOMINICAN REPUBLIC'. | epi_taxo: acceptedName(match1); authorship_epig(match1); genus_from_scientificName; family_WFO; order_majorGroup_WCVP [2026-03-11] | CoordinateCleaner QA applied without sea test (validity, equal, zeros, capitals, centroids, gbif, institutions) [2026-04-14] | No elevation information available in dataset or locality; minimumElevationInMeters left as NA [2026-04-14]","standardized author names in recordedBy / standardized author names in identifiedBy","Polanco-Matías, I.","Bobadilla-Peñaló, E. M.; Polanco-Matías, I."
"14","ELE2025_14","PreservedSpecimen",NA,NA,"ELE","SPECIES",NA,"Bobadilla-Penalo, E.M. | Polanco-Matias, I.","","Bobadilla-Penalo, E.M.","E","ELE2025",1,"Microgramma piloselloides",19.271824,-71.052138,"2022-08-20","change1: Filled coordinateUncertaintyInMeters from decimal-place precision (conservative). | change2: Standardized country to Darwin Core name: 'República Dominicana' -> 'DOMINICAN REPUBLIC'. | epi_taxo: acceptedName(match1); authorship_epig(match1); genus_from_scientificName; family_WFO; order_majorGroup_WCVP [2026-03-11] | CoordinateCleaner QA applied without sea test (validity, equal, zeros, capitals, centroids, gbif, institutions) [2026-04-14] | No elevation information available in dataset or locality; minimumElevationInMeters left as NA [2026-04-14]","standardized author names in recordedBy / standardized author names in identifiedBy","Bobadilla-Peñaló, E. M.","Bobadilla-Peñaló, E. M.; Polanco-Matías, I."
"15","ELE2025_15","PreservedSpecimen",NA,NA,"ELE","SPECIES",NA," ",""," ","E","ELE2025",1,"Dendrobium nobile",19.0557128795472,-70.5434732867239,"","change1: Filled coordinateUncertaintyInMeters from decimal-place precision (conservative). | change2: Standardized country to Darwin Core name: 'República Dominicana' -> 'DOMINICAN REPUBLIC'. | epi_taxo: acceptedName(match1); authorship_epig(match1); genus_from_scientificName; family_WFO; order_majorGroup_WCVP [2026-03-11] | CoordinateCleaner QA applied without sea test (validity, equal, zeros, capitals, centroids, gbif, institutions) [2026-04-14] | No elevation information available in dataset or locality; minimumElevationInMeters left as NA [2026-04-14]","standardized author names in recordedBy / standardized author names in identifiedBy",".","."
"16","ELE2025_16","PreservedSpecimen",NA,NA,"ELE","SPECIES",NA,"Delgado, A.","","Delgado, A.","E","ELE2025",1,"Jacquiniella globosa",18.8554185164744,-70.9877305929659,"","change1: Filled coordinateUncertaintyInMeters from decimal-place precision (conservative). | change2: Standardized country to Darwin Core name: 'República Dominicana' -> 'DOMINICAN REPUBLIC'. | epi_taxo: acceptedName(match1); authorship_epig(match1); genus_from_scientificName; family_WFO; order_majorGroup_WCVP [2026-03-11] | CoordinateCleaner QA applied without sea test (validity, equal, zeros, capitals, centroids, gbif, institutions) [2026-04-14] | No elevation information available in dataset or locality; minimumElevationInMeters left as NA [2026-04-14]","","Delgado, A.","Delgado, A."
"17","ELE2025_17","PreservedSpecimen",NA,NA,"ELE","SPECIES",NA,"Delgado, A.","","Delgado, A.","E","ELE2025",1,"Peperomia rotundifolia",18.8554185164744,-70.9877305929659,"","change1: Filled coordinateUncertaintyInMeters from decimal-place precision (conservative). | change2: Standardized country to Darwin Core name: 'República Dominicana' -> 'DOMINICAN REPUBLIC'. | epi_taxo: acceptedName(match1); authorship_epig(match1); genus_from_scientificName; family_WFO; order_majorGroup_WCVP [2026-03-11] | CoordinateCleaner QA applied without sea test (validity, equal, zeros, capitals, centroids, gbif, institutions) [2026-04-14] | No elevation information available in dataset or locality; minimumElevationInMeters left as NA [2026-04-14]","","Delgado, A.","Delgado, A."
"18","ELE2025_18","PreservedSpecimen",NA,NA,"ELE","SPECIES",NA,"Ortiz, I.","","Ortiz, I.","E","ELE2025",1,"Campyloneurum crassifolium",18.525556,-69.858333,"2021-11-16","change1: Filled coordinateUncertaintyInMeters from decimal-place precision (conservative). | change2: Standardized country to Darwin Core name: 'República Dominicana' -> 'DOMINICAN REPUBLIC'. | epi_taxo: acceptedName(match1); authorship_epig(match1); genus_from_scientificName; family_WFO; order_majorGroup_WCVP [2026-03-11] | CoordinateCleaner QA applied without sea test (validity, equal, zeros, capitals, centroids, gbif, institutions) [2026-04-14] | No elevation information available in dataset or locality; minimumElevationInMeters left as NA [2026-04-14]","","Ortiz, I.","Ortiz, I."
"19","ELE2025_19","PreservedSpecimen",NA,NA,"ELE","SPECIES",NA,"Bobadilla-Penalo, E.M. | Polanco-Matias, I.","","Polanco-Matias, I.","E","ELE2025",1,"Domingoa haematochila",19.273198,71.056611,"2022-08-20","change1: Filled coordinateUncertaintyInMeters from decimal-place precision (conservative). | change2: Standardized country to Darwin Core name: 'República Dominicana' -> 'DOMINICAN REPUBLIC'. | epi_taxo: acceptedName(match1); authorship_epig(match1); genus_from_scientificName; family_WFO; order_majorGroup_WCVP [2026-03-11] | CoordinateCleaner QA applied without sea test (validity, equal, zeros, capitals, centroids, gbif, institutions) [2026-04-14] | No elevation information available in dataset or locality; minimumElevationInMeters left as NA [2026-04-14]","standardized author names in recordedBy / standardized author names in identifiedBy","Polanco-Matías, I.","Bobadilla-Peñaló, E. M.; Polanco-Matías, I."
"20","ELE2025_20","PreservedSpecimen",NA,NA,"ELE","SPECIES",NA,"Bobadilla-Penalo, E.M. | Polanco-Matias, I.","","Polanco-Matias, I.","E","ELE2025",1,"Peperomia rhombea",19.273198,71.056611,"2022-08-21","change1: Filled coordinateUncertaintyInMeters from decimal-place precision (conservative). | change2: Standardized country to Darwin Core name: 'República Dominicana' -> 'DOMINICAN REPUBLIC'. | epi_taxo: acceptedName(match1); authorship_epig(match1); genus_from_scientificName; family_WFO; order_majorGroup_WCVP [2026-03-11] | CoordinateCleaner QA applied without sea test (validity, equal, zeros, capitals, centroids, gbif, institutions) [2026-04-14] | No elevation information available in dataset or locality; minimumElevationInMeters left as NA [2026-04-14]","standardized author names in recordedBy / standardized author names in identifiedBy","Polanco-Matías, I.","Bobadilla-Peñaló, E. M.; Polanco-Matías, I."
"21","ELE2025_21","PreservedSpecimen",NA,NA,"ELE","SPECIES",NA,"Bobadilla-Penalo, E.M. | Polanco-Matias, I.","","Polanco-Matias, I.","E","ELE2025",1,"Peperomia quadrifolia",19.273198,71.056611,"2022-08-22","change1: Filled coordinateUncertaintyInMeters from decimal-place precision (conservative). | change2: Standardized country to Darwin Core name: 'República Dominicana' -> 'DOMINICAN REPUBLIC'. | epi_taxo: acceptedName(match1); authorship_epig(match1); genus_from_scientificName; family_WFO; order_majorGroup_WCVP [2026-03-11] | CoordinateCleaner QA applied without sea test (validity, equal, zeros, capitals, centroids, gbif, institutions) [2026-04-14] | No elevation information available in dataset or locality; minimumElevationInMeters left as NA [2026-04-14]","standardized author names in recordedBy / standardized author names in identifiedBy","Polanco-Matías, I.","Bobadilla-Peñaló, E. M.; Polanco-Matías, I."
"22","ELE2025_22","PreservedSpecimen",NA,NA,"ELE","SPECIES",NA,"Delgado, A.","","Delgado, A.","E","ELE2025",1,"Dichaea glauca",18.8554185164744,-70.9877305929659,"","change1: Filled coordinateUncertaintyInMeters from decimal-place precision (conservative). | change2: Standardized country to Darwin Core name: 'República Dominicana' -> 'DOMINICAN REPUBLIC'. | epi_taxo: acceptedName(match1); authorship_epig(match1); genus_from_scientificName; family_WFO; order_majorGroup_WCVP [2026-03-11] | CoordinateCleaner QA applied without sea test (validity, equal, zeros, capitals, centroids, gbif, institutions) [2026-04-14] | No elevation information available in dataset or locality; minimumElevationInMeters left as NA [2026-04-14]","","Delgado, A.","Delgado, A."
"23","ELE2025_23","PreservedSpecimen",NA,NA,"ELE","SPECIES",NA,"Garcia-Rodriguez, R. | Rodriguez-Caceres, M.","","Garcia-Rodriguez, R.","E","ELE2025",1,"Phlebodium aureum",19.58,-70.745,"2022-01-30","change1: Filled coordinateUncertaintyInMeters from decimal-place precision (conservative). | change2: Standardized country to Darwin Core name: 'República Dominicana' -> 'DOMINICAN REPUBLIC'. | epi_taxo: acceptedName(match1); authorship_epig(match1); genus_from_scientificName; family_WFO; order_majorGroup_WCVP [2026-03-11] | CoordinateCleaner QA applied without sea test (validity, equal, zeros, capitals, centroids, gbif, institutions) [2026-04-14] | No elevation information available in dataset or locality; minimumElevationInMeters left as NA [2026-04-14]","standardized author names in recordedBy / standardized author names in identifiedBy","García-Rodriguez, R.","García-Rodríguez, R.; Rodríguez-Cáceres, M."
"24","ELE2025_24","PreservedSpecimen",NA,NA,"ELE","SPECIES",NA,"Garcia-Rodriguez, R. | Rodriguez-Caceres, M.","","Garcia-Rodriguez, R.","E","ELE2025",1,"Elaphoglossum peltatum",19.58,-70.745,"2022-01-30","change1: Filled coordinateUncertaintyInMeters from decimal-place precision (conservative). | change2: Standardized country to Darwin Core name: 'República Dominicana' -> 'DOMINICAN REPUBLIC'. | epi_taxo: acceptedName(match1); authorship_epig(match1); genus_from_scientificName; family_WFO; order_majorGroup_WCVP [2026-03-11] | CoordinateCleaner QA applied without sea test (validity, equal, zeros, capitals, centroids, gbif, institutions) [2026-04-14] | No elevation information available in dataset or locality; minimumElevationInMeters left as NA [2026-04-14]","standardized author names in recordedBy / standardized author names in identifiedBy","García-Rodriguez, R.","García-Rodríguez, R.; Rodríguez-Cáceres, M."
"25","ELE2025_25","PreservedSpecimen",NA,NA,"ELE","SPECIES",NA,"Garcia-Rodriguez, R. | Rodriguez-Caceres, M.","","Polanco-Matias, I.","E","ELE2025",1,"Dichaea graminoides",19.58,-70.745,"2022-05-01","change1: Filled coordinateUncertaintyInMeters from decimal-place precision (conservative). | change2: Standardized country to Darwin Core name: 'República Dominicana' -> 'DOMINICAN REPUBLIC'. | epi_taxo: acceptedName(match1); authorship_epig(match1); genus_from_scientificName; family_WFO; order_majorGroup_WCVP [2026-03-11] | CoordinateCleaner QA applied without sea test (validity, equal, zeros, capitals, centroids, gbif, institutions) [2026-04-14] | No elevation information available in dataset or locality; minimumElevationInMeters left as NA [2026-04-14]","standardized author names in recordedBy / standardized author names in identifiedBy","Polanco-Matías, I.","García-Rodríguez, R.; Rodríguez-Cáceres, M."
"26","ELE2025_26","PreservedSpecimen",NA,NA,"ELE","SPECIES",NA,"Bobadilla-Penalo, E.M.","","Bobadilla-Penalo, E.M.","E","ELE2025",1,"Tillandsia polystachia",19.1858274863941,-71.0132633935564,"2021-12-20","change1: Filled coordinateUncertaintyInMeters from decimal-place precision (conservative). | change2: Standardized country to Darwin Core name: 'República Dominicana' -> 'DOMINICAN REPUBLIC'. | epi_taxo: acceptedName(match1); authorship_epig(match1); genus_from_scientificName; family_WFO; order_majorGroup_WCVP [2026-03-11] | CoordinateCleaner QA applied without sea test (validity, equal, zeros, capitals, centroids, gbif, institutions) [2026-04-14] | No elevation information available in dataset or locality; minimumElevationInMeters left as NA [2026-04-14]","standardized author names in recordedBy / standardized author names in identifiedBy","Bobadilla-Peñaló, E. M.","Bobadilla-Peñaló, E. M."
"27","ELE2025_27","PreservedSpecimen",NA,NA,"ELE","SPECIES",NA,"Garcia-Rodriguez, R. | Rodriguez-Caceres, M.","","Polanco-Matias, I.","E","ELE2025",1,"Campyloneurum angustifolium",19.5825907860021,-70.745179703548,"2022-04-29","change1: Filled coordinateUncertaintyInMeters from decimal-place precision (conservative). | change2: Standardized country to Darwin Core name: 'República Dominicana' -> 'DOMINICAN REPUBLIC'. | epi_taxo: acceptedName(match1); authorship_epig(match1); genus_from_scientificName; family_WFO; order_majorGroup_WCVP [2026-03-11] | CoordinateCleaner QA applied without sea test (validity, equal, zeros, capitals, centroids, gbif, institutions) [2026-04-14] | No elevation information available in dataset or locality; minimumElevationInMeters left as NA [2026-04-14]","standardized author names in recordedBy / standardized author names in identifiedBy","Polanco-Matías, I.","García-Rodríguez, R.; Rodríguez-Cáceres, M."
"28","ELE2025_28","PreservedSpecimen",NA,NA,"ELE","SPECIES",NA,"Garcia-Rodriguez, R. | Rodriguez-Caceres, M.","","Garcia-Rodriguez, R.","E","ELE2025",1,"Acianthera cordatifolia",19.5825907860021,-70.745179703548,"2022-04-30","change1: Filled coordinateUncertaintyInMeters from decimal-place precision (conservative). | change2: Standardized country to Darwin Core name: 'República Dominicana' -> 'DOMINICAN REPUBLIC'. | epi_taxo: acceptedName(match1); authorship_epig(match1); genus_from_scientificName; family_WFO; order_majorGroup_WCVP [2026-03-11] | CoordinateCleaner QA applied without sea test (validity, equal, zeros, capitals, centroids, gbif, institutions) [2026-04-14] | No elevation information available in dataset or locality; minimumElevationInMeters left as NA [2026-04-14]","standardized author names in recordedBy / standardized author names in identifiedBy","García-Rodriguez, R.","García-Rodríguez, R.; Rodríguez-Cáceres, M."
"29","ELE2025_29","PreservedSpecimen",NA,NA,"ELE","SPECIES",NA,"Garcia-Rodriguez, R. | Rodriguez-Caceres, M.","","Garcia-Rodriguez, R.","E","ELE2025",1,"Pleopeltis astrolepis",19.5825907860021,-70.745179703548,"2022-01-30","change1: Filled coordinateUncertaintyInMeters from decimal-place precision (conservative). | change2: Standardized country to Darwin Core name: 'República Dominicana' -> 'DOMINICAN REPUBLIC'. | epi_taxo: acceptedName(match1); authorship_epig(match1); genus_from_scientificName; family_WFO; order_majorGroup_WCVP [2026-03-11] | CoordinateCleaner QA applied without sea test (validity, equal, zeros, capitals, centroids, gbif, institutions) [2026-04-14] | No elevation information available in dataset or locality; minimumElevationInMeters left as NA [2026-04-14]","standardized author names in recordedBy / standardized author names in identifiedBy","García-Rodriguez, R.","García-Rodríguez, R.; Rodríguez-Cáceres, M."
"30","ELE2025_30","PreservedSpecimen",NA,NA,"ELE","SPECIES",NA,"Bobadilla-Penalo, E.M.","","Bobadilla-Penalo, E.M.","E","ELE2025",1,"Tillandsia balbisiana",19.464266801549,-71.0753927715839,"","change1: Filled coordinateUncertaintyInMeters from decimal-place precision (conservative). | change2: Standardized country to Darwin Core name: 'República Dominicana' -> 'DOMINICAN REPUBLIC'. | epi_taxo: acceptedName(match1); authorship_epig(match1); genus_from_scientificName; family_WFO; order_majorGroup_WCVP [2026-03-11] | CoordinateCleaner QA applied without sea test (validity, equal, zeros, capitals, centroids, gbif, institutions) [2026-04-14] | No elevation information available in dataset or locality; minimumElevationInMeters left as NA [2026-04-14]","standardized author names in recordedBy / standardized author names in identifiedBy","Bobadilla-Peñaló, E. M.","Bobadilla-Peñaló, E. M."
"31","ELE2025_31","PreservedSpecimen",NA,NA,"ELE","SPECIES",NA,"Jaime, M.","","Jaime, M.","E","ELE2025",0,"",18.4476775637073,-69.29267494161,"2021-10-29","change1: Filled coordinateUncertaintyInMeters from decimal-place precision (conservative). | change2: Standardized country to Darwin Core name: 'República Dominicana' -> 'DOMINICAN REPUBLIC'. | epi_taxo: acceptedName(match1); authorship_epig(match1); genus_from_scientificName; family_WFO; order_majorGroup_WCVP [2026-03-11] | CoordinateCleaner QA applied without sea test (validity, equal, zeros, capitals, centroids, gbif, institutions) [2026-04-14] | No elevation information available in dataset or locality; minimumElevationInMeters left as NA [2026-04-14]","","Jaime, M.","Jaime, M."
"32","ELE2025_32","PreservedSpecimen",NA,NA,"ELE","SPECIES",NA,"Bobadilla-Penalo, E.M.","","Polanco-Matias, I.","E","ELE2025",1,"Tillandsia schiedeana",19.1215773860065,-71.0339227191106,"2021-12-20","change1: Filled coordinateUncertaintyInMeters from decimal-place precision (conservative). | change2: Standardized country to Darwin Core name: 'República Dominicana' -> 'DOMINICAN REPUBLIC'. | epi_taxo: acceptedName(match1); authorship_epig(match1); genus_from_scientificName; family_WFO; order_majorGroup_WCVP [2026-03-11] | CoordinateCleaner QA applied without sea test (validity, equal, zeros, capitals, centroids, gbif, institutions) [2026-04-14] | No elevation information available in dataset or locality; minimumElevationInMeters left as NA [2026-04-14]","standardized author names in recordedBy / standardized author names in identifiedBy","Polanco-Matías, I.","Bobadilla-Peñaló, E. M."
"33","ELE2025_33","PreservedSpecimen",NA,NA,"ELE","SPECIES",NA,"Ramirez-Ortiz, R.A.","","Ramirez, R.A.","E","ELE2025",1,"Microgramma piloselloides",19.5825907860021,-70.745179703548,"2022-06-29","change1: Filled coordinateUncertaintyInMeters from decimal-place precision (conservative). | change2: Standardized country to Darwin Core name: 'República Dominicana' -> 'DOMINICAN REPUBLIC'. | epi_taxo: acceptedName(match1); authorship_epig(match1); genus_from_scientificName; family_WFO; order_majorGroup_WCVP [2026-03-11] | CoordinateCleaner QA applied without sea test (validity, equal, zeros, capitals, centroids, gbif, institutions) [2026-04-14] | No elevation information available in dataset or locality; minimumElevationInMeters left as NA [2026-04-14]","standardized author names in recordedBy / standardized author names in identifiedBy","Ramírez, R. A.","Ramírez-Ortiz, R. A."
"34","ELE2025_34","PreservedSpecimen",NA,NA,"ELE","SPECIES",NA,"Ramirez-Ortiz, R.A.","","Polanco-Matias, I.","E","ELE2025",1,"Campyloneurum angustifolium",19.5825907860021,-70.745179703548,"2022-06-29","change1: Filled coordinateUncertaintyInMeters from decimal-place precision (conservative). | change2: Standardized country to Darwin Core name: 'República Dominicana' -> 'DOMINICAN REPUBLIC'. | epi_taxo: acceptedName(match1); authorship_epig(match1); genus_from_scientificName; family_WFO; order_majorGroup_WCVP [2026-03-11] | CoordinateCleaner QA applied without sea test (validity, equal, zeros, capitals, centroids, gbif, institutions) [2026-04-14] | No elevation information available in dataset or locality; minimumElevationInMeters left as NA [2026-04-14]","standardized author names in recordedBy / standardized author names in identifiedBy","Polanco-Matías, I.","Ramírez-Ortiz, R. A."
"35","ELE2025_35","PreservedSpecimen",NA,NA,"ELE","SPECIES",NA,"Garcia-Rodriguez, R. | Rodriguez-Caceres, M.","","","E","ELE2025",1,"Campyloneurum crassifolium",19.5825907860021,-70.745179703548,"2022-01-30","change1: Filled coordinateUncertaintyInMeters from decimal-place precision (conservative). | change2: Standardized country to Darwin Core name: 'República Dominicana' -> 'DOMINICAN REPUBLIC'. | epi_taxo: acceptedName(match1); authorship_epig(match1); genus_from_scientificName; family_WFO; order_majorGroup_WCVP [2026-03-11] | CoordinateCleaner QA applied without sea test (validity, equal, zeros, capitals, centroids, gbif, institutions) [2026-04-14] | No elevation information available in dataset or locality; minimumElevationInMeters left as NA [2026-04-14]","standardized author names in recordedBy","","García-Rodríguez, R.; Rodríguez-Cáceres, M."
"36","ELE2025_36","PreservedSpecimen",NA,NA,"ELE","SPECIES",NA,"Ramirez-Ortiz, R.A.","","Ramirez, R.A.","E","ELE2025",1,"Campyloneurum crassifolium",19.5825907860021,-70.745179703548,"2022-06-29","change1: Filled coordinateUncertaintyInMeters from decimal-place precision (conservative). | change2: Standardized country to Darwin Core name: 'República Dominicana' -> 'DOMINICAN REPUBLIC'. | epi_taxo: acceptedName(match1); authorship_epig(match1); genus_from_scientificName; family_WFO; order_majorGroup_WCVP [2026-03-11] | CoordinateCleaner QA applied without sea test (validity, equal, zeros, capitals, centroids, gbif, institutions) [2026-04-14] | No elevation information available in dataset or locality; minimumElevationInMeters left as NA [2026-04-14]","standardized author names in recordedBy / standardized author names in identifiedBy","Ramírez, R. A.","Ramírez-Ortiz, R. A."
"37","ELE2025_37","PreservedSpecimen",NA,NA,"ELE","SPECIES",NA,"Herrera, Y.","","Loyola, D.","E","ELE2025",1,"Tolumnia sylvestris",19.4486706591443,-70.744388613921,"","change1: Filled coordinateUncertaintyInMeters from decimal-place precision (conservative). | change2: Standardized country to Darwin Core name: 'República Dominicana' -> 'DOMINICAN REPUBLIC'. | epi_taxo: acceptedName(match1); authorship_epig(match1); genus_from_scientificName; family_WFO; order_majorGroup_WCVP [2026-03-11] | CoordinateCleaner QA applied without sea test (validity, equal, zeros, capitals, centroids, gbif, institutions) [2026-04-14] | No elevation information available in dataset or locality; minimumElevationInMeters left as NA [2026-04-14]","","Loyola, D.","Herrera, Y."
"38","ELE2025_38","PreservedSpecimen",NA,NA,"ELE","SPECIES",NA,"Herrera, Y.","","Mendez, I.E.","E","ELE2025",1,"Tillandsia balbisiana",19.4486706591443,-70.744388613921,"","change1: Filled coordinateUncertaintyInMeters from decimal-place precision (conservative). | change2: Standardized country to Darwin Core name: 'República Dominicana' -> 'DOMINICAN REPUBLIC'. | epi_taxo: acceptedName(match1); authorship_epig(match1); genus_from_scientificName; family_WFO; order_majorGroup_WCVP [2026-03-11] | CoordinateCleaner QA applied without sea test (validity, equal, zeros, capitals, centroids, gbif, institutions) [2026-04-14] | No elevation information available in dataset or locality; minimumElevationInMeters left as NA [2026-04-14]","standardized author names in identifiedBy","Méndez, I. E.","Herrera, Y."
"39","ELE2025_39","PreservedSpecimen",NA,NA,"ELE","SPECIES",NA,"Cobo, G. | de Leon, J.","","Mendez, I.E.","E","ELE2025",1,"Tillandsia recurvata",19.4486706591443,-70.744388613921,"","change1: Filled coordinateUncertaintyInMeters from decimal-place precision (conservative). | change2: Standardized country to Darwin Core name: 'República Dominicana' -> 'DOMINICAN REPUBLIC'. | epi_taxo: acceptedName(match1); authorship_epig(match1); genus_from_scientificName; family_WFO; order_majorGroup_WCVP [2026-03-11] | CoordinateCleaner QA applied without sea test (validity, equal, zeros, capitals, centroids, gbif, institutions) [2026-04-14] | No elevation information available in dataset or locality; minimumElevationInMeters left as NA [2026-04-14]","standardized author names in recordedBy / standardized author names in identifiedBy","Méndez, I. E.","Cobo, G; de León, J."
"40","ELE2025_40","PreservedSpecimen",NA,NA,"ELE","SPECIES",NA,"Herrera, Y.","","Mendez, I.E.","E","ELE2025",1,"Tillandsia juncea",19.4486706591443,-70.744388613921,"","change1: Filled coordinateUncertaintyInMeters from decimal-place precision (conservative). | change2: Standardized country to Darwin Core name: 'República Dominicana' -> 'DOMINICAN REPUBLIC'. | epi_taxo: acceptedName(match1); authorship_epig(match1); genus_from_scientificName; family_WFO; order_majorGroup_WCVP [2026-03-11] | CoordinateCleaner QA applied without sea test (validity, equal, zeros, capitals, centroids, gbif, institutions) [2026-04-14] | No elevation information available in dataset or locality; minimumElevationInMeters left as NA [2026-04-14]","standardized author names in identifiedBy","Méndez, I. E.","Herrera, Y."
"41","ELE2025_41","PreservedSpecimen",NA,NA,"ELE","SPECIES",NA,"Fausto, S.","","Mendez, I.E.","E","ELE2025",1,"Tillandsia balbisiana",19.4486706591443,-70.744388613921,"","change1: Filled coordinateUncertaintyInMeters from decimal-place precision (conservative). | change2: Standardized country to Darwin Core name: 'República Dominicana' -> 'DOMINICAN REPUBLIC'. | epi_taxo: acceptedName(match1); authorship_epig(match1); genus_from_scientificName; family_WFO; order_majorGroup_WCVP [2026-03-11] | CoordinateCleaner QA applied without sea test (validity, equal, zeros, capitals, centroids, gbif, institutions) [2026-04-14] | No elevation information available in dataset or locality; minimumElevationInMeters left as NA [2026-04-14]","standardized author names in identifiedBy","Méndez, I. E.","Fausto, S."
"42","ELE2025_42","PreservedSpecimen",NA,NA,"ELE","SPECIES",NA,"Adames-Jazmin, Y. | Cabrera, M. | Garcia-Rodriguez, R. | Mendez, I.E. | Novas, M. | Polanco-Matias, I. | Ramirez-Ortiz, R.A. | Santana, J.M.","","Mendez, I.E.","E","ELE2025",1,"Pleopeltis polypodioides",19.4486706591443,-70.744388613921,"","change1: Filled coordinateUncertaintyInMeters from decimal-place precision (conservative). | change2: Standardized country to Darwin Core name: 'República Dominicana' -> 'DOMINICAN REPUBLIC'. | epi_taxo: acceptedName(match1); authorship_epig(match1); genus_from_scientificName; family_WFO; order_majorGroup_WCVP [2026-03-11] | CoordinateCleaner QA applied without sea test (validity, equal, zeros, capitals, centroids, gbif, institutions) [2026-04-14] | No elevation information available in dataset or locality; minimumElevationInMeters left as NA [2026-04-14]","standardized author names in recordedBy / standardized author names in identifiedBy","Méndez, I. E.","Adames-Jazmín, Y.; Cabrera, M.; García-Rodríguez, R.; Méndez, I. E.; Novas, M.; Polanco-Matías, I.; Ramírez-Ortiz, R. A.; Santana, J. M."
"43","ELE2025_43","PreservedSpecimen",NA,NA,"ELE","SPECIES",NA,"Adames-Jazmin, Y. | Cabrera, M. | Garcia-Rodriguez, R. | Mendez, I.E. | Novas, M. | Polanco-Matias, I. | Ramirez-Ortiz, R.A. | Santana, J.M.","","Polanco-Matias, I.","E","ELE2025",0,"",19.4930530628157,-70.3429516475493,"2019-07-13","change1: Filled coordinateUncertaintyInMeters from decimal-place precision (conservative). | change2: Standardized country to Darwin Core name: 'República Dominicana' -> 'DOMINICAN REPUBLIC'. | epi_taxo: acceptedName(match1); authorship_epig(match1); genus_from_scientificName; family_WFO; order_majorGroup_WCVP [2026-03-11] | CoordinateCleaner QA applied without sea test (validity, equal, zeros, capitals, centroids, gbif, institutions) [2026-04-14] | No elevation information available in dataset or locality; minimumElevationInMeters left as NA [2026-04-14]","standardized author names in recordedBy / standardized author names in identifiedBy","Polanco-Matías, I.","Adames-Jazmín, Y.; Cabrera, M.; García-Rodríguez, R.; Méndez, I. E.; Novas, M.; Polanco-Matías, I.; Ramírez-Ortiz, R. A.; Santana, J. M."
"44","ELE2025_44","PreservedSpecimen",NA,NA,"ELE","SPECIES",NA,"Adames-Jazmin, Y. | Cabrera, M. | Garcia-Rodriguez, R. | Mendez, I.E. | Novas, M. | Polanco-Matias, I. | Ramirez-Ortiz, R.A. | Santana, J.M.","","Polanco-Matias, I.","E","ELE2025",3,"Pilea pubescens",19.4930530628157,-70.3429516475493,"2019-07-13","change1: Filled coordinateUncertaintyInMeters from decimal-place precision (conservative). | change2: Standardized country to Darwin Core name: 'República Dominicana' -> 'DOMINICAN REPUBLIC'. | epi_taxo: acceptedName(match1); authorship_epig(match1); genus_from_scientificName; family_WFO; order_majorGroup_WCVP [2026-03-11] | CoordinateCleaner QA applied without sea test (validity, equal, zeros, capitals, centroids, gbif, institutions) [2026-04-14] | No elevation information available in dataset or locality; minimumElevationInMeters left as NA [2026-04-14]","standardized author names in recordedBy / standardized author names in identifiedBy","Polanco-Matías, I.","Adames-Jazmín, Y.; Cabrera, M.; García-Rodríguez, R.; Méndez, I. E.; Novas, M.; Polanco-Matías, I.; Ramírez-Ortiz, R. A.; Santana, J. M."
"45","ELE2025_45","PreservedSpecimen",NA,NA,"ELE","SPECIES",NA,"Garcia-Rodriguez, R. | Rodriguez-Caceres, M.","","","E","ELE2025",1,"Elaphoglossum crinitum",19.5792459787633,-70.7479314050855,"2022-01-30","change1: Filled coordinateUncertaintyInMeters from decimal-place precision (conservative). | change2: Standardized country to Darwin Core name: 'República Dominicana' -> 'DOMINICAN REPUBLIC'. | epi_taxo: acceptedName(match1); authorship_epig(match1); genus_from_scientificName; family_WFO; order_majorGroup_WCVP [2026-03-11] | CoordinateCleaner QA applied without sea test (validity, equal, zeros, capitals, centroids, gbif, institutions) [2026-04-14] | No elevation information available in dataset or locality; minimumElevationInMeters left as NA [2026-04-14]","standardized author names in recordedBy","","García-Rodríguez, R.; Rodríguez-Cáceres, M."
"46","ELE2025_46","PreservedSpecimen",NA,NA,"ELE","SPECIES",NA,"Garcia-Rodriguez, R. | Rodriguez-Caceres, M.","","Polanco-Matias, I.","E","ELE2025",1,"Trichomanes capillaceum",19.5792459787633,-70.7479314050855,"2022-01-30","change1: Filled coordinateUncertaintyInMeters from decimal-place precision (conservative). | change2: Standardized country to Darwin Core name: 'República Dominicana' -> 'DOMINICAN REPUBLIC'. | epi_taxo: acceptedName(match1); authorship_epig(match1); genus_from_scientificName; family_WFO; order_majorGroup_WCVP [2026-03-11] | CoordinateCleaner QA applied without sea test (validity, equal, zeros, capitals, centroids, gbif, institutions) [2026-04-14] | No elevation information available in dataset or locality; minimumElevationInMeters left as NA [2026-04-14]","standardized author names in recordedBy / standardized author names in identifiedBy","Polanco-Matías, I.","García-Rodríguez, R.; Rodríguez-Cáceres, M."
"47","ELE2025_47","PreservedSpecimen",NA,NA,"ELE","SPECIES",NA,"Garcia-Rodriguez, R. | Rodriguez-Caceres, M.","","","E","ELE2025",1,"Grammitis trifurcata",19.5792459787633,-70.7479314050855,"2022-01-30","change1: Filled coordinateUncertaintyInMeters from decimal-place precision (conservative). | change2: Standardized country to Darwin Core name: 'República Dominicana' -> 'DOMINICAN REPUBLIC'. | epi_taxo: acceptedName(match1); authorship_epig(match1); genus_from_scientificName; family_WFO; order_majorGroup_WCVP [2026-03-11] | CoordinateCleaner QA applied without sea test (validity, equal, zeros, capitals, centroids, gbif, institutions) [2026-04-14] | No elevation information available in dataset or locality; minimumElevationInMeters left as NA [2026-04-14]","standardized author names in recordedBy","","García-Rodríguez, R.; Rodríguez-Cáceres, M."
"48","ELE2025_48","PreservedSpecimen",NA,NA,"ELE","SPECIES",NA,"Garcia-Rodriguez, R. | Rodriguez-Caceres, M.","","Polanco-Matias, I.","E","ELE2025",1,"Elaphoglossum siliquoides",19.5792459787633,-70.7479314050855,"2022-01-30","change1: Filled coordinateUncertaintyInMeters from decimal-place precision (conservative). | change2: Standardized country to Darwin Core name: 'República Dominicana' -> 'DOMINICAN REPUBLIC'. | epi_taxo: acceptedName(match1); authorship_epig(match1); genus_from_scientificName; family_WFO; order_majorGroup_WCVP [2026-03-11] | CoordinateCleaner QA applied without sea test (validity, equal, zeros, capitals, centroids, gbif, institutions) [2026-04-14] | No elevation information available in dataset or locality; minimumElevationInMeters left as NA [2026-04-14]","standardized author names in recordedBy / standardized author names in identifiedBy","Polanco-Matías, I.","García-Rodríguez, R.; Rodríguez-Cáceres, M."
"49","ELE2025_49","PreservedSpecimen",NA,NA,"ELE","SPECIES",NA,"Sanchez, J.","","","E","ELE2025",1,"Tillandsia balbisiana",19.4486706591443,-70.744388613921,"2021-10-17","change1: Filled coordinateUncertaintyInMeters from decimal-place precision (conservative). | change2: Standardized country to Darwin Core name: 'República Dominicana' -> 'DOMINICAN REPUBLIC'. | epi_taxo: acceptedName(match1); authorship_epig(match1); genus_from_scientificName; family_WFO; order_majorGroup_WCVP [2026-03-11] | CoordinateCleaner QA applied without sea test (validity, equal, zeros, capitals, centroids, gbif, institutions) [2026-04-14] | No elevation information available in dataset or locality; minimumElevationInMeters left as NA [2026-04-14]","standardized author names in recordedBy","","Sánchez, J."
"50","ELE2025_50","PreservedSpecimen",NA,NA,"ELE","SPECIES",NA,"Garcia-Rodriguez, R. | Rodriguez-Caceres, M.","","","E","ELE2025",1,"Dilomilis montana",19.5792459787633,-70.7479314050855,"2022-04-29","change1: Filled coordinateUncertaintyInMeters from decimal-place precision (conservative). | change2: Standardized country to Darwin Core name: 'República Dominicana' -> 'DOMINICAN REPUBLIC'. | epi_taxo: acceptedName(match1); authorship_epig(match1); genus_from_scientificName; family_WFO; order_majorGroup_WCVP [2026-03-11] | CoordinateCleaner QA applied without sea test (validity, equal, zeros, capitals, centroids, gbif, institutions) [2026-04-14] | No elevation information available in dataset or locality; minimumElevationInMeters left as NA [2026-04-14]","standardized author names in recordedBy","","García-Rodríguez, R.; Rodríguez-Cáceres, M."
"51","ELE2025_51","PreservedSpecimen",NA,NA,"ELE","SPECIES",NA,"Bobadilla-Penalo, E.M.","","Polanco-Matias, I.","E","ELE2025",1,"Tillandsia ariza-juliae",19.1858274863941,-71.0132633935564,"2021-12-20","change1: Filled coordinateUncertaintyInMeters from decimal-place precision (conservative). | change2: Standardized country to Darwin Core name: 'República Dominicana' -> 'DOMINICAN REPUBLIC'. | epi_taxo: acceptedName(match1); authorship_epig(match1); genus_from_scientificName; family_WFO; order_majorGroup_WCVP [2026-03-11] | CoordinateCleaner QA applied without sea test (validity, equal, zeros, capitals, centroids, gbif, institutions) [2026-04-14] | No elevation information available in dataset or locality; minimumElevationInMeters left as NA [2026-04-14]","standardized author names in recordedBy / standardized author names in identifiedBy","Polanco-Matías, I.","Bobadilla-Peñaló, E. M."
"52","ELE2025_52","PreservedSpecimen",NA,NA,"ELE","SPECIES",NA,"Gonzalez-Rodriguez, B.","","","E","ELE2025",1,"Campyloneurum crassifolium",NA,NA,"2022-06-29","change1: Standardized country to Darwin Core name: 'República Dominicana' -> 'DOMINICAN REPUBLIC'. | epi_taxo: acceptedName(match1); authorship_epig(match1); genus_from_scientificName; family_WFO; order_majorGroup_WCVP [2026-03-11] | CoordinateCleaner QA applied without sea test (validity, equal, zeros, capitals, centroids, gbif, institutions) [2026-04-14] | No elevation information available in dataset or locality; minimumElevationInMeters left as NA [2026-04-14]","standardized author names in recordedBy","","González-Rodríguez, B."
"53","ELE2025_53","PreservedSpecimen",NA,NA,"ELE","SPECIES",NA,"Bobadilla-Penalo, E.M. | Polanco-Matias, I.","","Polanco-Matias, I.","E","ELE2025",1,"Peperomia quadrifolia",19.273198,-71.056611,"2022-08-20","change1: Filled coordinateUncertaintyInMeters from decimal-place precision (conservative). | change2: Standardized country to Darwin Core name: 'República Dominicana' -> 'DOMINICAN REPUBLIC'. | epi_taxo: acceptedName(match1); authorship_epig(match1); genus_from_scientificName; family_WFO; order_majorGroup_WCVP [2026-03-11] | CoordinateCleaner QA applied without sea test (validity, equal, zeros, capitals, centroids, gbif, institutions) [2026-04-14] | No elevation information available in dataset or locality; minimumElevationInMeters left as NA [2026-04-14]","standardized author names in recordedBy / standardized author names in identifiedBy","Polanco-Matías, I.","Bobadilla-Peñaló, E. M.; Polanco-Matías, I."
"54","ELE2025_54","PreservedSpecimen",NA,NA,"ELE","SPECIES",NA,"Bobadilla-Penalo, E.M. | Polanco-Matias, I.","","Polanco-Matias, I.","E","ELE2025",1,"Pleopeltis polypodioides",19.273198,-71.056611,"2022-08-20","change1: Filled coordinateUncertaintyInMeters from decimal-place precision (conservative). | change2: Standardized country to Darwin Core name: 'República Dominicana' -> 'DOMINICAN REPUBLIC'. | epi_taxo: acceptedName(match1); authorship_epig(match1); genus_from_scientificName; family_WFO; order_majorGroup_WCVP [2026-03-11] | CoordinateCleaner QA applied without sea test (validity, equal, zeros, capitals, centroids, gbif, institutions) [2026-04-14] | No elevation information available in dataset or locality; minimumElevationInMeters left as NA [2026-04-14]","standardized author names in recordedBy / standardized author names in identifiedBy","Polanco-Matías, I.","Bobadilla-Peñaló, E. M.; Polanco-Matías, I."
"55","ELE2025_55","PreservedSpecimen",NA,NA,"ELE","SPECIES",NA,"Vargas, E.","","Vargas, E.","E","ELE2025",1,"Elaphoglossum erinaceum",NA,NA,"2023-10-01","change1: Standardized country to Darwin Core name: 'República Dominicana' -> 'DOMINICAN REPUBLIC'. | epi_taxo: acceptedName(match1); authorship_epig(match1); genus_from_scientificName; family_WFO; order_majorGroup_WCVP [2026-03-11] | CoordinateCleaner QA applied without sea test (validity, equal, zeros, capitals, centroids, gbif, institutions) [2026-04-14] | No elevation information available in dataset or locality; minimumElevationInMeters left as NA [2026-04-14]","","Vargas, E.","Vargas, E."
"56","ELE2025_56","PreservedSpecimen",NA,NA,"ELE","SPECIES",NA,"Torres-Torres, C.","","Torres-Torres, C.","E","ELE2025",1,"Microgramma lycopodioides",19.371083,-71.290167,"2024-06-05","change1: Filled coordinateUncertaintyInMeters from decimal-place precision (conservative). | change2: Standardized country to Darwin Core name: 'República Dominicana' -> 'DOMINICAN REPUBLIC'. | epi_taxo: acceptedName(match1); authorship_epig(match1); genus_from_scientificName; family_WFO; order_majorGroup_WCVP [2026-03-11] | CoordinateCleaner QA applied without sea test (validity, equal, zeros, capitals, centroids, gbif, institutions) [2026-04-14] | No elevation information available in dataset or locality; minimumElevationInMeters left as NA [2026-04-14]","standardized author names in recordedBy / standardized author names in identifiedBy","Torres-Torres; C.","Torres-Torres; C."
"57","ELE2025_57","PreservedSpecimen",NA,NA,"ELE","SPECIES",NA,"Torres-Torres, C.","","Torres-Torres, C.","E","ELE2025",1,"Asplenium formosum",19.376917,-71.300611,"2024-06-04","change1: Filled coordinateUncertaintyInMeters from decimal-place precision (conservative). | change2: Standardized country to Darwin Core name: 'República Dominicana' -> 'DOMINICAN REPUBLIC'. | epi_taxo: acceptedName(match1); authorship_epig(match1); genus_from_scientificName; family_WFO; order_majorGroup_WCVP [2026-03-11] | CoordinateCleaner QA applied without sea test (validity, equal, zeros, capitals, centroids, gbif, institutions) [2026-04-14] | No elevation information available in dataset or locality; minimumElevationInMeters left as NA [2026-04-14]","standardized author names in recordedBy / standardized author names in identifiedBy","Torres-Torres; C.","Torres-Torres; C."
"58","ELE2025_58","PreservedSpecimen",NA,NA,"ELE","SPECIES",NA,"Torres-Torres, C.","","Torres-Torres, C.","E","ELE2025",1,"Pleopeltis polypodioides",19.450861,-70.747417,"2024-06-09","change1: Filled coordinateUncertaintyInMeters from decimal-place precision (conservative). | change2: Standardized country to Darwin Core name: 'República Dominicana' -> 'DOMINICAN REPUBLIC'. | epi_taxo: acceptedName(match1); authorship_epig(match1); genus_from_scientificName; family_WFO; order_majorGroup_WCVP [2026-03-11] | CoordinateCleaner QA applied without sea test (validity, equal, zeros, capitals, centroids, gbif, institutions) [2026-04-14] | No elevation information available in dataset or locality; minimumElevationInMeters left as NA [2026-04-14]","standardized author names in recordedBy / standardized author names in identifiedBy","Torres-Torres; C.","Torres-Torres; C."
"59","ELE2025_59","PreservedSpecimen",NA,NA,"ELE","SPECIES",NA,"Torres-Torres, C.","","Torres-Torres, C.","E","ELE2025",1,"Asplenium cuspidatum",19.376028,-71.299194,"2024-06-22","change1: Filled coordinateUncertaintyInMeters from decimal-place precision (conservative). | change2: Standardized country to Darwin Core name: 'República Dominicana' -> 'DOMINICAN REPUBLIC'. | epi_taxo: acceptedName(match1); authorship_epig(match1); genus_from_scientificName; family_WFO; order_majorGroup_WCVP [2026-03-11] | CoordinateCleaner QA applied without sea test (validity, equal, zeros, capitals, centroids, gbif, institutions) [2026-04-14] | No elevation information available in dataset or locality; minimumElevationInMeters left as NA [2026-04-14]","standardized author names in recordedBy / standardized author names in identifiedBy","Torres-Torres; C.","Torres-Torres; C."
"60","ELE2025_60","PreservedSpecimen",NA,NA,"ELE","SPECIES",NA,"de la Rosa, G.","","de la Rosa, G.","E","ELE2025",1,"Tillandsia fasciculata",19.424306,-70.727111,"2024-07-06","change1: Filled coordinateUncertaintyInMeters from decimal-place precision (conservative). | change2: Standardized country to Darwin Core name: 'República Dominicana' -> 'DOMINICAN REPUBLIC'. | epi_taxo: acceptedName(match1); authorship_epig(match1); genus_from_scientificName; family_WFO; order_majorGroup_WCVP [2026-03-11] | CoordinateCleaner QA applied without sea test (validity, equal, zeros, capitals, centroids, gbif, institutions) [2026-04-14] | No elevation information available in dataset or locality; minimumElevationInMeters left as NA [2026-04-14]","","de la Rosa, G.","de la Rosa, G."
"61","ELE2025_61","PreservedSpecimen",NA,NA,"ELE","SPECIES",NA,"Tavarez, R.","","Tavarez, R.","E","ELE2025",1,"Tolumnia variegata",19.20425,-70.988083,"2024-06-01","change1: Filled coordinateUncertaintyInMeters from decimal-place precision (conservative). | change2: Standardized country to Darwin Core name: 'República Dominicana' -> 'DOMINICAN REPUBLIC'. | epi_taxo: acceptedName(match1); authorship_epig(match1); genus_from_scientificName; family_WFO; order_majorGroup_WCVP [2026-03-11] | CoordinateCleaner QA applied without sea test (validity, equal, zeros, capitals, centroids, gbif, institutions) [2026-04-14] | No elevation information available in dataset or locality; minimumElevationInMeters left as NA [2026-04-14]","standardized author names in recordedBy / standardized author names in identifiedBy","Tavárez, R.","Tavárez, R."
"62","ELE2025_62","PreservedSpecimen",NA,NA,"ELE","SPECIES",NA,"Vargas, E.","","Vargas, E.","E","ELE2025",1,"Hymenophyllum axillare",NA,NA,"2023-09-14","change1: Standardized country to Darwin Core name: 'República Dominicana' -> 'DOMINICAN REPUBLIC'. | epi_taxo: acceptedName(match1); authorship_epig(match1); genus_from_scientificName; family_WFO; order_majorGroup_WCVP [2026-03-11] | CoordinateCleaner QA applied without sea test (validity, equal, zeros, capitals, centroids, gbif, institutions) [2026-04-14] | No elevation information available in dataset or locality; minimumElevationInMeters left as NA [2026-04-14]","","Vargas, E.","Vargas, E."
"63","ELE2025_63","PreservedSpecimen",NA,NA,"ELE","SPECIES",NA,"Vargas, E.","","Vargas, E.","E","ELE2025",1,"Elaphoglossum latifolium",NA,NA,"2023-09-30","change1: Standardized country to Darwin Core name: 'República Dominicana' -> 'DOMINICAN REPUBLIC'. | epi_taxo: acceptedName(match1); authorship_epig(match1); genus_from_scientificName; family_WFO; order_majorGroup_WCVP [2026-03-11] | CoordinateCleaner QA applied without sea test (validity, equal, zeros, capitals, centroids, gbif, institutions) [2026-04-14] | No elevation information available in dataset or locality; minimumElevationInMeters left as NA [2026-04-14]","","Vargas, E.","Vargas, E."
"64","ELE2025_64","PreservedSpecimen",NA,NA,"ELE","SPECIES",NA,"Vargas, E.","","Vargas, E.","E","ELE2025",1,"Oleandra articulata",NA,NA,"2023-09-06","change1: Standardized country to Darwin Core name: 'República Dominicana' -> 'DOMINICAN REPUBLIC'. | epi_taxo: acceptedName(match1); authorship_epig(match1); genus_from_scientificName; family_WFO; order_majorGroup_WCVP [2026-03-11] | CoordinateCleaner QA applied without sea test (validity, equal, zeros, capitals, centroids, gbif, institutions) [2026-04-14] | No elevation information available in dataset or locality; minimumElevationInMeters left as NA [2026-04-14]","","Vargas, E.","Vargas, E."
"65","ELE2025_65","PreservedSpecimen",NA,NA,"ELE","SPECIES",NA,"Vargas, E.","","Vargas, E.","E","ELE2025",1,"Elaphoglossum glabellum",NA,NA,"2023-09-14","change1: Standardized country to Darwin Core name: 'República Dominicana' -> 'DOMINICAN REPUBLIC'. | epi_taxo: acceptedName(match1); authorship_epig(match1); genus_from_scientificName; family_WFO; order_majorGroup_WCVP [2026-03-11] | CoordinateCleaner QA applied without sea test (validity, equal, zeros, capitals, centroids, gbif, institutions) [2026-04-14] | No elevation information available in dataset or locality; minimumElevationInMeters left as NA [2026-04-14]","","Vargas, E.","Vargas, E."
"66","ELE2025_66","PreservedSpecimen",NA,NA,"ELE","SPECIES",NA,"Garcia-Rodriguez, R. | Rodriguez-Caceres, M.","","","E","ELE2025",1,"Guzmania berteroniana",NA,NA,"2022-01-30","change1: Standardized country to Darwin Core name: 'República Dominicana' -> 'DOMINICAN REPUBLIC'. | epi_taxo: acceptedName(match1); authorship_epig(match1); genus_from_scientificName; family_WFO; order_majorGroup_WCVP [2026-03-11] | CoordinateCleaner QA applied without sea test (validity, equal, zeros, capitals, centroids, gbif, institutions) [2026-04-14] | No elevation information available in dataset or locality; minimumElevationInMeters left as NA [2026-04-14]","standardized author names in recordedBy","","García-Rodríguez, R.; Rodríguez-Cáceres, M."
"67","ELE2025_67","PreservedSpecimen",NA,NA,"ELE","SPECIES",NA,"Garcia-Rodriguez, R. | Rodriguez-Caceres, M.","","","E","ELE2025",1,"Dichaea trichocarpa",NA,NA,"2022-05-01","change1: Standardized country to Darwin Core name: 'República Dominicana' -> 'DOMINICAN REPUBLIC'. | epi_taxo: acceptedName(match1); authorship_epig(match1); genus_from_scientificName; family_WFO; order_majorGroup_WCVP [2026-03-11] | CoordinateCleaner QA applied without sea test (validity, equal, zeros, capitals, centroids, gbif, institutions) [2026-04-14] | No elevation information available in dataset or locality; minimumElevationInMeters left as NA [2026-04-14]","standardized author names in recordedBy","","García-Rodríguez, R.; Rodríguez-Cáceres, M."
"68","ELE2025_68","PreservedSpecimen",NA,NA,"ELE","SPECIES",NA,"Garcia-Rodriguez, R. | Rodriguez-Caceres, M.","","","E","ELE2025",1,"Hymenophyllum axillare",NA,NA,"2022-01-30","change1: Standardized country to Darwin Core name: 'República Dominicana' -> 'DOMINICAN REPUBLIC'. | epi_taxo: acceptedName(match1); authorship_epig(match1); genus_from_scientificName; family_WFO; order_majorGroup_WCVP [2026-03-11] | CoordinateCleaner QA applied without sea test (validity, equal, zeros, capitals, centroids, gbif, institutions) [2026-04-14] | No elevation information available in dataset or locality; minimumElevationInMeters left as NA [2026-04-14]","standardized author names in recordedBy","","García-Rodríguez, R.; Rodríguez-Cáceres, M."
"69","ELE2025_69","PreservedSpecimen",NA,NA,"ELE","SPECIES",NA,"Garcia-Rodriguez, R. | Rodriguez-Caceres, M.","","","E","ELE2025",1,"Elaphoglossum smithii",NA,NA,"2022-01-30","change1: Standardized country to Darwin Core name: 'República Dominicana' -> 'DOMINICAN REPUBLIC'. | epi_taxo: acceptedName(match1); authorship_epig(match1); genus_from_scientificName; family_WFO; order_majorGroup_WCVP [2026-03-11] | CoordinateCleaner QA applied without sea test (validity, equal, zeros, capitals, centroids, gbif, institutions) [2026-04-14] | No elevation information available in dataset or locality; minimumElevationInMeters left as NA [2026-04-14]","standardized author names in recordedBy","","García-Rodríguez, R.; Rodríguez-Cáceres, M."
"70","ELE2025_70","PreservedSpecimen",NA,NA,"ELE","SPECIES",NA,"Garcia-Rodriguez, R. | Rodriguez-Caceres, M.","","","E","ELE2025",1,"Elaphoglossum apodum",NA,NA,"2022-01-31","change1: Standardized country to Darwin Core name: 'República Dominicana' -> 'DOMINICAN REPUBLIC'. | epi_taxo: acceptedName(match1); authorship_epig(match1); genus_from_scientificName; family_WFO; order_majorGroup_WCVP [2026-03-11] | CoordinateCleaner QA applied without sea test (validity, equal, zeros, capitals, centroids, gbif, institutions) [2026-04-14] | No elevation information available in dataset or locality; minimumElevationInMeters left as NA [2026-04-14]","standardized author names in recordedBy","","García-Rodríguez, R.; Rodríguez-Cáceres, M."
"71","ELE2025_71","PreservedSpecimen",NA,NA,"ELE","SPECIES",NA,"Torres-Torres, C.","","Torres-Torres, C.","E","ELE2025",1,"Asplenium polyodon",19.3755,-71.296528,"2024-06-04","change1: Filled coordinateUncertaintyInMeters from decimal-place precision (conservative). | change2: Standardized country to Darwin Core name: 'República Dominicana' -> 'DOMINICAN REPUBLIC'. | epi_taxo: acceptedName(match1); authorship_epig(match1); genus_from_scientificName; family_WFO; order_majorGroup_WCVP [2026-03-11] | CoordinateCleaner QA applied without sea test (validity, equal, zeros, capitals, centroids, gbif, institutions) [2026-04-14] | No elevation information available in dataset or locality; minimumElevationInMeters left as NA [2026-04-14]","standardized author names in recordedBy / standardized author names in identifiedBy","Torres-Torres; C.","Torres-Torres; C."
"72","ELE2025_72","PreservedSpecimen",NA,NA,"ELE","SPECIES",NA,"Garcia, E.","","Garcia, E.","E","ELE2025",1,"Dichaea pendula",19.196833,-70.9935,"2024-07-27","change1: Filled coordinateUncertaintyInMeters from decimal-place precision (conservative). | change2: Standardized country to Darwin Core name: 'República Dominicana' -> 'DOMINICAN REPUBLIC'. | epi_taxo: acceptedName(match1); authorship_epig(match1); genus_from_scientificName; family_WFO; order_majorGroup_WCVP [2026-03-11] | CoordinateCleaner QA applied without sea test (validity, equal, zeros, capitals, centroids, gbif, institutions) [2026-04-14] | No elevation information available in dataset or locality; minimumElevationInMeters left as NA [2026-04-14]","standardized author names in recordedBy / standardized author names in identifiedBy","García, E.","García, E."
"73","ELE2025_73","PreservedSpecimen",NA,NA,"ELE","SPECIES",NA,"Garcia, E.","","Garcia, E.","E","ELE2025",1,"Elaphoglossum crinitum",NA,NA,"2024-08-02","change1: Standardized country to Darwin Core name: 'República Dominicana' -> 'DOMINICAN REPUBLIC'. | epi_taxo: acceptedName(match1); authorship_epig(match1); genus_from_scientificName; family_WFO; order_majorGroup_WCVP [2026-03-11] | CoordinateCleaner QA applied without sea test (validity, equal, zeros, capitals, centroids, gbif, institutions) [2026-04-14] | No elevation information available in dataset or locality; minimumElevationInMeters left as NA [2026-04-14]","standardized author names in recordedBy / standardized author names in identifiedBy","García, E.","García, E."
"74","ELE2025_74","PreservedSpecimen",NA,NA,"ELE","SPECIES",NA,"Garcia, E.","","Garcia, E.","E","ELE2025",1,"Tolumnia variegata",19.198917,-70.995694,"2024-06-01","change1: Filled coordinateUncertaintyInMeters from decimal-place precision (conservative). | change2: Standardized country to Darwin Core name: 'República Dominicana' -> 'DOMINICAN REPUBLIC'. | epi_taxo: acceptedName(match1); authorship_epig(match1); genus_from_scientificName; family_WFO; order_majorGroup_WCVP [2026-03-11] | CoordinateCleaner QA applied without sea test (validity, equal, zeros, capitals, centroids, gbif, institutions) [2026-04-14] | No elevation information available in dataset or locality; minimumElevationInMeters left as NA [2026-04-14]","standardized author names in recordedBy / standardized author names in identifiedBy","García, E.","García, E."
"75","ELE2025_75","PreservedSpecimen",NA,NA,"ELE","SPECIES",NA,"Puente, F.","","Puente, F.","E","ELE2025",1,"Tolumnia variegata",19.197839,-70.991808,"2024-07-08","change1: Filled coordinateUncertaintyInMeters from decimal-place precision (conservative). | change2: Standardized country to Darwin Core name: 'República Dominicana' -> 'DOMINICAN REPUBLIC'. | epi_taxo: acceptedName(match1); authorship_epig(match1); genus_from_scientificName; family_WFO; order_majorGroup_WCVP [2026-03-11] | CoordinateCleaner QA applied without sea test (validity, equal, zeros, capitals, centroids, gbif, institutions) [2026-04-14] | No elevation information available in dataset or locality; minimumElevationInMeters left as NA [2026-04-14]","","Puente, F.","Puente, F."
"76","ELE2025_76","PreservedSpecimen",NA,NA,"ELE","SPECIES",NA,"Puente, F.","","Puente, F.","E","ELE2025",3,"Huperzia carinata",19.197839,-70.991808,"2024-07-08","change1: Filled coordinateUncertaintyInMeters from decimal-place precision (conservative). | change2: Standardized country to Darwin Core name: 'República Dominicana' -> 'DOMINICAN REPUBLIC'. | epi_taxo: acceptedName(match1); authorship_epig(match1); genus_from_scientificName; family_WFO; order_majorGroup_WCVP [2026-03-11] | CoordinateCleaner QA applied without sea test (validity, equal, zeros, capitals, centroids, gbif, institutions) [2026-04-14] | No elevation information available in dataset or locality; minimumElevationInMeters left as NA [2026-04-14]","","Puente, F.","Puente, F."
"77","ELE2025_77","PreservedSpecimen",NA,NA,"ELE","SPECIES",NA,"Puente, F.","","Puente, F.","E","ELE2025",1,"Tillandsia usneoides",19.199556,-70.985303,"2024-06-04","change1: Filled coordinateUncertaintyInMeters from decimal-place precision (conservative). | change2: Standardized country to Darwin Core name: 'República Dominicana' -> 'DOMINICAN REPUBLIC'. | epi_taxo: acceptedName(match1); authorship_epig(match1); genus_from_scientificName; family_WFO; order_majorGroup_WCVP [2026-03-11] | CoordinateCleaner QA applied without sea test (validity, equal, zeros, capitals, centroids, gbif, institutions) [2026-04-14] | No elevation information available in dataset or locality; minimumElevationInMeters left as NA [2026-04-14]","","Puente, F.","Puente, F."
"78","ELE2025_78","PreservedSpecimen",NA,NA,"ELE","SPECIES",NA,"Puente, F.","","Puente, F.","E","ELE2025",1,"Peperomia rotundifolia",19.201969,-70.999686,"2024-07-30","change1: Filled coordinateUncertaintyInMeters from decimal-place precision (conservative). | change2: Standardized country to Darwin Core name: 'República Dominicana' -> 'DOMINICAN REPUBLIC'. | epi_taxo: acceptedName(match1); authorship_epig(match1); genus_from_scientificName; family_WFO; order_majorGroup_WCVP [2026-03-11] | CoordinateCleaner QA applied without sea test (validity, equal, zeros, capitals, centroids, gbif, institutions) [2026-04-14] | No elevation information available in dataset or locality; minimumElevationInMeters left as NA [2026-04-14]","","Puente, F.","Puente, F."
"79","ELE2025_79","PreservedSpecimen",NA,NA,"ELE","SPECIES",NA,"Ramirez-Ortiz, R.A.","","Ramirez-Ortiz, R.A.","E","ELE2025",1,"Serpocaulon loriceum",19.58,-70.744,"2022-06-29","change1: Filled coordinateUncertaintyInMeters from decimal-place precision (conservative). | change2: Standardized country to Darwin Core name: 'República Dominicana' -> 'DOMINICAN REPUBLIC'. | epi_taxo: acceptedName(match1); authorship_epig(match1); genus_from_scientificName; family_WFO; order_majorGroup_WCVP [2026-03-11] | CoordinateCleaner QA applied without sea test (validity, equal, zeros, capitals, centroids, gbif, institutions) [2026-04-14] | No elevation information available in dataset or locality; minimumElevationInMeters left as NA [2026-04-14]","standardized author names in recordedBy / standardized author names in identifiedBy","Ramírez-Ortiz, R. A.","Ramírez-Ortiz, R. A."
"80","ELE2025_80","PreservedSpecimen",NA,NA,"ELE","SPECIES",NA,"Ramirez-Ortiz, R.A.","","Ramirez-Ortiz, R.A.","E","ELE2025",1,"Elaphoglossum peltatum",19.58,-70.744,"2022-06-29","change1: Filled coordinateUncertaintyInMeters from decimal-place precision (conservative). | change2: Standardized country to Darwin Core name: 'República Dominicana' -> 'DOMINICAN REPUBLIC'. | epi_taxo: acceptedName(match1); authorship_epig(match1); genus_from_scientificName; family_WFO; order_majorGroup_WCVP [2026-03-11] | CoordinateCleaner QA applied without sea test (validity, equal, zeros, capitals, centroids, gbif, institutions) [2026-04-14] | No elevation information available in dataset or locality; minimumElevationInMeters left as NA [2026-04-14]","standardized author names in recordedBy / standardized author names in identifiedBy","Ramírez-Ortiz, R. A.","Ramírez-Ortiz, R. A."
"81","ELE2025_81","PreservedSpecimen",NA,NA,"ELE","SPECIES",NA,"Ramirez-Ortiz, R.A.","","Ramirez-Ortiz, R.A.","E","ELE2025",1,"Phlebodium areolatum",19.58,-70.744,"2022-06-29","change1: Filled coordinateUncertaintyInMeters from decimal-place precision (conservative). | change2: Standardized country to Darwin Core name: 'República Dominicana' -> 'DOMINICAN REPUBLIC'. | epi_taxo: acceptedName(match1); authorship_epig(match1); genus_from_scientificName; family_WFO; order_majorGroup_WCVP [2026-03-11] | CoordinateCleaner QA applied without sea test (validity, equal, zeros, capitals, centroids, gbif, institutions) [2026-04-14] | No elevation information available in dataset or locality; minimumElevationInMeters left as NA [2026-04-14]","standardized author names in recordedBy / standardized author names in identifiedBy","Ramírez-Ortiz, R. A.","Ramírez-Ortiz, R. A."
"82","ELE2025_82","PreservedSpecimen",NA,NA,"ELE","SPECIES",NA,"Vargas, E.","","Vargas, E.","E","ELE2025",1,"Elaphoglossum peltatum",1278,19.03774,"2023-12-09","change1: Filled coordinateUncertaintyInMeters from decimal-place precision (conservative). | change2: Standardized country to Darwin Core name: 'República Dominicana' -> 'DOMINICAN REPUBLIC'. | epi_taxo: acceptedName(match1); authorship_epig(match1); genus_from_scientificName; family_WFO; order_majorGroup_WCVP [2026-03-11] | CoordinateCleaner QA applied without sea test (validity, equal, zeros, capitals, centroids, gbif, institutions) [2026-04-14] | No elevation information available in dataset or locality; minimumElevationInMeters left as NA [2026-04-14]","","Vargas, E.","Vargas, E."
"83","ELE2025_83","PreservedSpecimen",NA,NA,"ELE","SPECIES",NA,"Garcia-Rodriguez, R. | Rodriguez-Caceres, M.","","Garcia-Rodriguez, R.","E","ELE2025",1,"Pleurothallis ruscifolia",19.58,-70.744,"2022-01-30","change1: Filled coordinateUncertaintyInMeters from decimal-place precision (conservative). | change2: Standardized country to Darwin Core name: 'República Dominicana' -> 'DOMINICAN REPUBLIC'. | epi_taxo: acceptedName(match1); authorship_epig(match1); genus_from_scientificName; family_WFO; order_majorGroup_WCVP [2026-03-11] | CoordinateCleaner QA applied without sea test (validity, equal, zeros, capitals, centroids, gbif, institutions) [2026-04-14] | No elevation information available in dataset or locality; minimumElevationInMeters left as NA [2026-04-14]","standardized author names in recordedBy / standardized author names in identifiedBy","García-Rodriguez, R.","García-Rodríguez, R.; Rodríguez-Cáceres, M."
"84","ELE2025_84","PreservedSpecimen",NA,NA,"ELE","SPECIES",NA,"Garcia-Rodriguez, R. | Rodriguez-Caceres, M.","","Garcia-Rodriguez, R.","E","ELE2025",1,"Dichaea trichocarpa",19.58,-70.745,"2021-12-09","change1: Filled coordinateUncertaintyInMeters from decimal-place precision (conservative). | change2: Standardized country to Darwin Core name: 'República Dominicana' -> 'DOMINICAN REPUBLIC'. | epi_taxo: acceptedName(match1); authorship_epig(match1); genus_from_scientificName; family_WFO; order_majorGroup_WCVP [2026-03-11] | CoordinateCleaner QA applied without sea test (validity, equal, zeros, capitals, centroids, gbif, institutions) [2026-04-14] | No elevation information available in dataset or locality; minimumElevationInMeters left as NA [2026-04-14]","standardized author names in recordedBy / standardized author names in identifiedBy","García-Rodriguez, R.","García-Rodríguez, R.; Rodríguez-Cáceres, M."
"85","ELE2025_85","PreservedSpecimen",NA,NA,"ELE","SPECIES",NA,"Adames-Jazmin, Y.","","Polanco-Matias, I.","E","ELE2025",1,"Catopsis floribunda",19.36102,-70.15525,"2022-03-03","change1: Filled coordinateUncertaintyInMeters from decimal-place precision (conservative). | change2: Standardized country to Darwin Core name: 'República Dominicana' -> 'DOMINICAN REPUBLIC'. | epi_taxo: acceptedName(match1); authorship_epig(match1); genus_from_scientificName; family_WFO; order_majorGroup_WCVP [2026-03-11] | CoordinateCleaner QA applied without sea test (validity, equal, zeros, capitals, centroids, gbif, institutions) [2026-04-14] | No elevation information available in dataset or locality; minimumElevationInMeters left as NA [2026-04-14]","standardized author names in recordedBy / standardized author names in identifiedBy","Polanco-Matías, I.","Adames-Jazmín, Y."
"86","ELE2025_86","PreservedSpecimen",NA,NA,"ELE","SPECIES",NA,"Vargas, E.","","Vargas, E.","E","ELE2025",1,"Trichomanes scandens",NA,NA,"2023-09-30","change1: Standardized country to Darwin Core name: 'República Dominicana' -> 'DOMINICAN REPUBLIC'. | epi_taxo: acceptedName(match1); authorship_epig(match1); genus_from_scientificName; family_WFO; order_majorGroup_WCVP [2026-03-11] | CoordinateCleaner QA applied without sea test (validity, equal, zeros, capitals, centroids, gbif, institutions) [2026-04-14] | No elevation information available in dataset or locality; minimumElevationInMeters left as NA [2026-04-14]","","Vargas, E.","Vargas, E."
"87","ELE2025_87","PreservedSpecimen",NA,NA,"ELE","SPECIES",NA,"Vargas, E.","","Vargas, E.","E","ELE2025",1,"Phlebodium aureum",NA,NA,"2023-07-15","change1: Standardized country to Darwin Core name: 'República Dominicana' -> 'DOMINICAN REPUBLIC'. | epi_taxo: acceptedName(match1); authorship_epig(match1); genus_from_scientificName; family_WFO; order_majorGroup_WCVP [2026-03-11] | CoordinateCleaner QA applied without sea test (validity, equal, zeros, capitals, centroids, gbif, institutions) [2026-04-14] | No elevation information available in dataset or locality; minimumElevationInMeters left as NA [2026-04-14]","","Vargas, E.","Vargas, E."
"88","ELE2025_88","PreservedSpecimen",NA,NA,"ELE","SPECIES",NA,"Vargas, E.","","Vargas, E.","E","ELE2025",1,"Terpsichore asplenifolia",NA,NA,"2023-09-30","change1: Standardized country to Darwin Core name: 'República Dominicana' -> 'DOMINICAN REPUBLIC'. | epi_taxo: acceptedName(match1); authorship_epig(match1); genus_from_scientificName; family_WFO; order_majorGroup_WCVP [2026-03-11] | CoordinateCleaner QA applied without sea test (validity, equal, zeros, capitals, centroids, gbif, institutions) [2026-04-14] | No elevation information available in dataset or locality; minimumElevationInMeters left as NA [2026-04-14]","","Vargas, E.","Vargas, E."
"89","ELE2025_89","PreservedSpecimen",NA,NA,"ELE","SPECIES",NA,"Vargas, E.","","Vargas, E.","E","ELE2025",1,"Microgramma piloselloides",NA,NA,"2023-09-30","change1: Standardized country to Darwin Core name: 'República Dominicana' -> 'DOMINICAN REPUBLIC'. | epi_taxo: acceptedName(match1); authorship_epig(match1); genus_from_scientificName; family_WFO; order_majorGroup_WCVP [2026-03-11] | CoordinateCleaner QA applied without sea test (validity, equal, zeros, capitals, centroids, gbif, institutions) [2026-04-14] | No elevation information available in dataset or locality; minimumElevationInMeters left as NA [2026-04-14]","","Vargas, E.","Vargas, E."
"90","ELE2025_90","PreservedSpecimen",NA,NA,"ELE","SPECIES",NA,"Adames-Jazmin, Y.","","Polanco-Matias, I.","E","ELE2025",1,"Cipuropsis capituligera",19.35636,-70.15736,"2022-03-02","change1: Filled coordinateUncertaintyInMeters from decimal-place precision (conservative). | change2: Standardized country to Darwin Core name: 'República Dominicana' -> 'DOMINICAN REPUBLIC'. | epi_taxo: acceptedName(match1); authorship_epig(match1); genus_from_scientificName; family_WFO; order_majorGroup_WCVP [2026-03-11] | CoordinateCleaner QA applied without sea test (validity, equal, zeros, capitals, centroids, gbif, institutions) [2026-04-14] | No elevation information available in dataset or locality; minimumElevationInMeters left as NA [2026-04-14]","standardized author names in recordedBy / standardized author names in identifiedBy","Polanco-Matías, I.","Adames-Jazmín, Y."
"91","ELE2025_91","PreservedSpecimen",NA,NA,"ELE","SPECIES",NA,"Vargas, E.","","Vargas, E.","E","ELE2025",1,"Hymenophyllum axillare",19.579471,-70.744052,"2023-09-16","change1: Filled coordinateUncertaintyInMeters from decimal-place precision (conservative). | change2: Standardized country to Darwin Core name: 'República Dominicana' -> 'DOMINICAN REPUBLIC'. | epi_taxo: acceptedName(match1); authorship_epig(match1); genus_from_scientificName; family_WFO; order_majorGroup_WCVP [2026-03-11] | CoordinateCleaner QA applied without sea test (validity, equal, zeros, capitals, centroids, gbif, institutions) [2026-04-14] | No elevation information available in dataset or locality; minimumElevationInMeters left as NA [2026-04-14]","","Vargas, E.","Vargas, E."
"92","ELE2025_92","PreservedSpecimen",NA,NA,"ELE","SPECIES",NA,"Vargas, E.","","Vargas, E.","E","ELE2025",1,"Elaphoglossum erinaceum",NA,NA,"2023-09-20","change1: Standardized country to Darwin Core name: 'República Dominicana' -> 'DOMINICAN REPUBLIC'. | epi_taxo: acceptedName(match1); authorship_epig(match1); genus_from_scientificName; family_WFO; order_majorGroup_WCVP [2026-03-11] | CoordinateCleaner QA applied without sea test (validity, equal, zeros, capitals, centroids, gbif, institutions) [2026-04-14] | No elevation information available in dataset or locality; minimumElevationInMeters left as NA [2026-04-14]","","Vargas, E.","Vargas, E."
"93","ELE2025_93","PreservedSpecimen",NA,NA,"ELE","SPECIES",NA,"Mordan, Y.","","","E","ELE2025",1,"Stelis pygmaea",NA,NA,"2023-09-24","change1: Standardized country to Darwin Core name: 'República Dominicana' -> 'DOMINICAN REPUBLIC'. | epi_taxo: acceptedName(match1); authorship_epig(match1); genus_from_scientificName; family_WFO; order_majorGroup_WCVP [2026-03-11] | CoordinateCleaner QA applied without sea test (validity, equal, zeros, capitals, centroids, gbif, institutions) [2026-04-14] | No elevation information available in dataset or locality; minimumElevationInMeters left as NA [2026-04-14]","","","Mordan, Y."
"94","ELE2025_94","PreservedSpecimen",NA,NA,"ELE","SPECIES",NA,"Garcia-Rodriguez, R.","","Polanco-Matias, I.","E","ELE2025",1,"Campyloneurum crassifolium",19.34243,-70.14555,"2021-10-31","change1: Filled coordinateUncertaintyInMeters from decimal-place precision (conservative). | change2: Standardized country to Darwin Core name: 'República Dominicana' -> 'DOMINICAN REPUBLIC'. | epi_taxo: acceptedName(match1); authorship_epig(match1); genus_from_scientificName; family_WFO; order_majorGroup_WCVP [2026-03-11] | CoordinateCleaner QA applied without sea test (validity, equal, zeros, capitals, centroids, gbif, institutions) [2026-04-14] | No elevation information available in dataset or locality; minimumElevationInMeters left as NA [2026-04-14]","standardized author names in recordedBy / standardized author names in identifiedBy","Polanco-Matías, I.","García-Rodriguez, R."
"95","ELE2025_95","PreservedSpecimen",NA,NA,"ELE","SPECIES",NA,"Adames-Jazmin, Y.","","Polanco-Matias, I.","E","ELE2025",1,"Polytaenium lineatum",19.34348,-70.1464,"2021-11-01","change1: Filled coordinateUncertaintyInMeters from decimal-place precision (conservative). | change2: Standardized country to Darwin Core name: 'República Dominicana' -> 'DOMINICAN REPUBLIC'. | epi_taxo: acceptedName(match1); authorship_epig(match1); genus_from_scientificName; family_WFO; order_majorGroup_WCVP [2026-03-11] | CoordinateCleaner QA applied without sea test (validity, equal, zeros, capitals, centroids, gbif, institutions) [2026-04-14] | No elevation information available in dataset or locality; minimumElevationInMeters left as NA [2026-04-14]","standardized author names in recordedBy / standardized author names in identifiedBy","Polanco-Matías, I.","Adames-Jazmín, Y."
"96","ELE2025_96","PreservedSpecimen",NA,NA,"ELE","SPECIES",NA,"Adames-Jazmin, Y.","","Polanco-Matias, I.","E","ELE2025",1,"Polytaenium lineatum",19.34243,-70.14555,"2021-10-31","change1: Filled coordinateUncertaintyInMeters from decimal-place precision (conservative). | change2: Standardized country to Darwin Core name: 'República Dominicana' -> 'DOMINICAN REPUBLIC'. | epi_taxo: acceptedName(match1); authorship_epig(match1); genus_from_scientificName; family_WFO; order_majorGroup_WCVP [2026-03-11] | CoordinateCleaner QA applied without sea test (validity, equal, zeros, capitals, centroids, gbif, institutions) [2026-04-14] | No elevation information available in dataset or locality; minimumElevationInMeters left as NA [2026-04-14]","standardized author names in recordedBy / standardized author names in identifiedBy","Polanco-Matías, I.","Adames-Jazmín, Y."
"97","ELE2025_97","PreservedSpecimen",NA,NA,"ELE","SPECIES",NA,"Vargas, E.","","Vargas, E.","E","ELE2025",3,"Pecluma barituensis",NA,NA,"2023-09-20","change1: Standardized country to Darwin Core name: 'República Dominicana' -> 'DOMINICAN REPUBLIC'. | epi_taxo: acceptedName(match1); authorship_epig(match1); genus_from_scientificName; family_WFO; order_majorGroup_WCVP [2026-03-11] | CoordinateCleaner QA applied without sea test (validity, equal, zeros, capitals, centroids, gbif, institutions) [2026-04-14] | No elevation information available in dataset or locality; minimumElevationInMeters left as NA [2026-04-14]","","Vargas, E.","Vargas, E."
"98","ELE2025_98","PreservedSpecimen",NA,NA,"ELE","SPECIES",NA,"Borkowski, M.","","Polanco-Matias, I.","E","ELE2025",1,"Campyloneurum crassifolium",NA,NA,"2023-09-20","change1: Standardized country to Darwin Core name: 'República Dominicana' -> 'DOMINICAN REPUBLIC'. | epi_taxo: acceptedName(match1); authorship_epig(match1); genus_from_scientificName; family_WFO; order_majorGroup_WCVP [2026-03-11] | CoordinateCleaner QA applied without sea test (validity, equal, zeros, capitals, centroids, gbif, institutions) [2026-04-14] | No elevation information available in dataset or locality; minimumElevationInMeters left as NA [2026-04-14]","standardized author names in identifiedBy","Polanco-Matías, I.","Borkowski, M."
"99","ELE2025_99","PreservedSpecimen",NA,NA,"ELE","SPECIES",NA,"Vargas, E.","","Polanco-Matias, I.","E","ELE2025",1,"Campyloneurum crassifolium",NA,NA,"2023-09-14","change1: Standardized country to Darwin Core name: 'República Dominicana' -> 'DOMINICAN REPUBLIC'. | epi_taxo: acceptedName(match1); authorship_epig(match1); genus_from_scientificName; family_WFO; order_majorGroup_WCVP [2026-03-11] | CoordinateCleaner QA applied without sea test (validity, equal, zeros, capitals, centroids, gbif, institutions) [2026-04-14] | No elevation information available in dataset or locality; minimumElevationInMeters left as NA [2026-04-14]","standardized author names in identifiedBy","Polanco-Matías, I.","Vargas, E."
"100","ELE2025_100","PreservedSpecimen",NA,NA,"ELE","SPECIES",NA,"Vargas, E.","","Vargas, E.","E","ELE2025",1,"Grammitis trifurcata",19.579471,-70.744052,"2023-09-06","change1: Filled coordinateUncertaintyInMeters from decimal-place precision (conservative). | change2: Standardized country to Darwin Core name: 'República Dominicana' -> 'DOMINICAN REPUBLIC'. | epi_taxo: acceptedName(match1); authorship_epig(match1); genus_from_scientificName; family_WFO; order_majorGroup_WCVP [2026-03-11] | CoordinateCleaner QA applied without sea test (validity, equal, zeros, capitals, centroids, gbif, institutions) [2026-04-14] | No elevation information available in dataset or locality; minimumElevationInMeters left as NA [2026-04-14]","","Vargas, E.","Vargas, E."
"101","ELE2025_101","PreservedSpecimen",NA,NA,"ELE","SPECIES",NA,"Vargas, E.","","Vargas, E.","E","ELE2025",1,"Elaphoglossum glabellum",NA,NA,"2023-10-01","change1: Standardized country to Darwin Core name: 'República Dominicana' -> 'DOMINICAN REPUBLIC'. | epi_taxo: acceptedName(match1); authorship_epig(match1); genus_from_scientificName; family_WFO; order_majorGroup_WCVP [2026-03-11] | CoordinateCleaner QA applied without sea test (validity, equal, zeros, capitals, centroids, gbif, institutions) [2026-04-14] | No elevation information available in dataset or locality; minimumElevationInMeters left as NA [2026-04-14]","","Vargas, E.","Vargas, E."
"102","ELE2025_102","PreservedSpecimen",NA,NA,"ELE","SPECIES",NA,"Polanco-Matias, I.","","Vargas, E.","E","ELE2025",1,"Elaphoglossum apodum",NA,NA,"2023-09-30","change1: Standardized country to Darwin Core name: 'República Dominicana' -> 'DOMINICAN REPUBLIC'. | epi_taxo: acceptedName(match1); authorship_epig(match1); genus_from_scientificName; family_WFO; order_majorGroup_WCVP [2026-03-11] | CoordinateCleaner QA applied without sea test (validity, equal, zeros, capitals, centroids, gbif, institutions) [2026-04-14] | No elevation information available in dataset or locality; minimumElevationInMeters left as NA [2026-04-14]","standardized author names in recordedBy","Vargas, E.","Polanco-Matías, I."
"103","ELE2025_103","PreservedSpecimen",NA,NA,"ELE","SPECIES",NA,"Garcia-Rodriguez, R.","","Garcia-Rodriguez, R.","E","ELE2025",1,"Tillandsia schiedeana",19.2350845,-70.9557142,"2021-08-08","change1: Filled coordinateUncertaintyInMeters from decimal-place precision (conservative). | change2: Standardized country to Darwin Core name: 'República Dominicana' -> 'DOMINICAN REPUBLIC'. | epi_taxo: acceptedName(match1); authorship_epig(match1); genus_from_scientificName; family_WFO; order_majorGroup_WCVP [2026-03-11] | CoordinateCleaner QA applied without sea test (validity, equal, zeros, capitals, centroids, gbif, institutions) [2026-04-14] | No elevation information available in dataset or locality; minimumElevationInMeters left as NA [2026-04-14]","standardized author names in recordedBy / standardized author names in identifiedBy","García-Rodriguez, R.","García-Rodriguez, R."
"104","ELE2025_104","PreservedSpecimen",NA,NA,"ELE","SPECIES",NA,"Adames-Jazmin, Y.","","Polanco-Matias, I.","E","ELE2025",1,"Stelis pygmaea",19.36102,-70.15525,"2022-03-03","change1: Filled coordinateUncertaintyInMeters from decimal-place precision (conservative). | change2: Standardized country to Darwin Core name: 'República Dominicana' -> 'DOMINICAN REPUBLIC'. | epi_taxo: acceptedName(match1); authorship_epig(match1); genus_from_scientificName; family_WFO; order_majorGroup_WCVP [2026-03-11] | CoordinateCleaner QA applied without sea test (validity, equal, zeros, capitals, centroids, gbif, institutions) [2026-04-14] | No elevation information available in dataset or locality; minimumElevationInMeters left as NA [2026-04-14]","standardized author names in recordedBy / standardized author names in identifiedBy","Polanco-Matías, I.","Adames-Jazmín, Y."
"105","ELE2025_105","PreservedSpecimen",NA,NA,"ELE","SPECIES",NA,"Vargas, E.","","Vargas, E.","E","ELE2025",1,"Campyloneurum crassifolium",19.7309365,-70.721492,"2023-09-14","change1: Filled coordinateUncertaintyInMeters from decimal-place precision (conservative). | change2: Standardized country to Darwin Core name: 'República Dominicana' -> 'DOMINICAN REPUBLIC'. | epi_taxo: acceptedName(match1); authorship_epig(match1); genus_from_scientificName; family_WFO; order_majorGroup_WCVP [2026-03-11] | CoordinateCleaner QA applied without sea test (validity, equal, zeros, capitals, centroids, gbif, institutions) [2026-04-14] | No elevation information available in dataset or locality; minimumElevationInMeters left as NA [2026-04-14]","","Vargas, E.","Vargas, E."
"106","ELE2025_106","PreservedSpecimen",NA,NA,"ELE","SPECIES",NA,"Taveraz, E.","","","E","ELE2025",1,"Stelis domingensis",NA,NA,"2023-09-23","change1: Standardized country to Darwin Core name: 'República Dominicana' -> 'DOMINICAN REPUBLIC'. | epi_taxo: acceptedName(match1); authorship_epig(match1); genus_from_scientificName; family_WFO; order_majorGroup_WCVP [2026-03-11] | CoordinateCleaner QA applied without sea test (validity, equal, zeros, capitals, centroids, gbif, institutions) [2026-04-14] | No elevation information available in dataset or locality; minimumElevationInMeters left as NA [2026-04-14]","","","Taveraz, E."
"107","ELE2025_107","PreservedSpecimen",NA,NA,"ELE","SPECIES",NA,"Vargas, E.","","Vargas, E.","E","ELE2025",1,"Elaphoglossum crinitum",NA,NA,"2023-09-30","change1: Standardized country to Darwin Core name: 'República Dominicana' -> 'DOMINICAN REPUBLIC'. | epi_taxo: acceptedName(match1); authorship_epig(match1); genus_from_scientificName; family_WFO; order_majorGroup_WCVP [2026-03-11] | CoordinateCleaner QA applied without sea test (validity, equal, zeros, capitals, centroids, gbif, institutions) [2026-04-14] | No elevation information available in dataset or locality; minimumElevationInMeters left as NA [2026-04-14]","","Vargas, E.","Vargas, E."
"108","ELE2025_108","PreservedSpecimen",NA,NA,"ELE","SPECIES",NA,"Difot, J.","","","E","ELE2025",1,"Tillandsia pruinosa",19.27405,-71.561617,"2022-01-03","change1: Filled coordinateUncertaintyInMeters from decimal-place precision (conservative). | change2: Standardized country to Darwin Core name: 'República Dominicana' -> 'DOMINICAN REPUBLIC'. | epi_taxo: acceptedName(match1); authorship_epig(match1); genus_from_scientificName; family_WFO; order_majorGroup_WCVP [2026-03-11] | CoordinateCleaner QA applied without sea test (validity, equal, zeros, capitals, centroids, gbif, institutions) [2026-04-14] | No elevation information available in dataset or locality; minimumElevationInMeters left as NA [2026-04-14]","","","Difot, J."
